,is_playable,explicit,type,episode,track,album,artists,disc_number,track_number,duration_ms,external_ids,external_urls,href,id,name,uri,is_local
0,True,False,track,False,True,"{'is_playable': True, 'type': 'album', 'album_type': 'album', 'href': 'https://api.spotify.com/v1/albums/4ebodSLpRqbuQjpGlDZglH', 'id': '4ebodSLpRqbuQjpGlDZglH', 'images': [{'height': 640, 'url': 'https://i.scdn.co/image/ab67616d0000b273eaa10fffa60de320846c28be', 'width': 640}, {'height': 300, 'url': 'https://i.scdn.co/image/ab67616d00001e02eaa10fffa60de320846c28be', 'width': 300}, {'height': 64, 'url': 'https://i.scdn.co/image/ab67616d00004851eaa10fffa60de320846c28be', 'width': 64}], 'name': 'Appeal To Reason', 'release_date': '2008-01-01', 'release_date_precision': 'day', 'uri': 'spotify:album:4ebodSLpRqbuQjpGlDZglH', 'artists': [{'external_urls': {'spotify': 'https://open.spotify.com/artist/6Wr3hh341P84m3EI8qdn9O'}, 'href': 'https://api.spotify.com/v1/artists/6Wr3hh341P84m3EI8qdn9O', 'id': '6Wr3hh341P84m3EI8qdn9O', 'name': 'Rise Against', 'type': 'artist', 'uri': 'spotify:artist:6Wr3hh341P84m3EI8qdn9O'}], 'external_urls': {'spotify': 'https://open.spotify.com/album/4ebodSLpRqbuQjpGlDZglH'}, 'total_tracks': 14}","[{'external_urls': {'spotify': 'https://open.spotify.com/artist/6Wr3hh341P84m3EI8qdn9O'}, 'href': 'https://api.spotify.com/v1/artists/6Wr3hh341P84m3EI8qdn9O', 'id': '6Wr3hh341P84m3EI8qdn9O', 'name': 'Rise Against', 'type': 'artist', 'uri': 'spotify:artist:6Wr3hh341P84m3EI8qdn9O'}]",1,11,242280,{'isrc': 'USUM70832584'},{'spotify': 'https://open.spotify.com/track/1vcxF91pWs9uNwDROuiCPB'},https://api.spotify.com/v1/tracks/1vcxF91pWs9uNwDROuiCPB,1vcxF91pWs9uNwDROuiCPB,Savior,spotify:track:1vcxF91pWs9uNwDROuiCPB,False
1,True,False,track,False,True,"{'is_playable': True, 'type': 'album', 'album_type': 'album', 'href': 'https://api.spotify.com/v1/albums/4OXoBlapQygTdzAifJm8BL', 'id': '4OXoBlapQygTdzAifJm8BL', 'images': [{'height': 640, 'url': 'https://i.scdn.co/image/ab67616d0000b2733e234c82f96fa4ded8e5ca47', 'width': 640}, {'height': 300, 'url': 'https://i.scdn.co/image/ab67616d00001e023e234c82f96fa4ded8e5ca47', 'width': 300}, {'height': 64, 'url': 'https://i.scdn.co/image/ab67616d000048513e234c82f96fa4ded8e5ca47', 'width': 64}], 'name': 'Eternal Blue', 'release_date': '2021-09-17', 'release_date_precision': 'day', 'uri': 'spotify:album:4OXoBlapQygTdzAifJm8BL', 'artists': [{'external_urls': {'spotify': 'https://open.spotify.com/artist/4MzJMcHQBl9SIYSjwWn8QW'}, 'href': 'https://api.spotify.com/v1/artists/4MzJMcHQBl9SIYSjwWn8QW', 'id': '4MzJMcHQBl9SIYSjwWn8QW', 'name': 'Spiritbox', 'type': 'artist', 'uri': 'spotify:artist:4MzJMcHQBl9SIYSjwWn8QW'}], 'external_urls': {'spotify': 'https://open.spotify.com/album/4OXoBlapQygTdzAifJm8BL'}, 'total_tracks': 12}","[{'external_urls': {'spotify': 'https://open.spotify.com/artist/4MzJMcHQBl9SIYSjwWn8QW'}, 'href': 'https://api.spotify.com/v1/artists/4MzJMcHQBl9SIYSjwWn8QW', 'id': '4MzJMcHQBl9SIYSjwWn8QW', 'name': 'Spiritbox', 'type': 'artist', 'uri': 'spotify:artist:4MzJMcHQBl9SIYSjwWn8QW'}]",1,11,233880,{'isrc': 'QMRSZ2100664'},{'spotify': 'https://open.spotify.com/track/3FI0iAAAjmR31xpZEwbdys'},https://api.spotify.com/v1/tracks/3FI0iAAAjmR31xpZEwbdys,3FI0iAAAjmR31xpZEwbdys,Circle With Me,spotify:track:3FI0iAAAjmR31xpZEwbdys,False
2,True,False,track,False,True,"{'is_playable': True, 'type': 'album', 'album_type': 'single', 'href': 'https://api.spotify.com/v1/albums/3Su6Sgi0YjcUFuCzjLKYYq', 'id': '3Su6Sgi0YjcUFuCzjLKYYq', 'images': [{'height': 640, 'url': 'https://i.scdn.co/image/ab67616d0000b273b25f445c40bb5cd1e22ec272', 'width': 640}, {'height': 300, 'url': 'https://i.scdn.co/image/ab67616d00001e02b25f445c40bb5cd1e22ec272', 'width': 300}, {'height': 64, 'url': 'https://i.scdn.co/image/ab67616d00004851b25f445c40bb5cd1e22ec272', 'width': 64}], 'name': 'Heavy Is the Crown', 'release_date': '2024-09-24', 'release_date_precision': 'day', 'uri': 'spotify:album:3Su6Sgi0YjcUFuCzjLKYYq', 'artists': [{'external_urls': {'spotify': 'https://open.spotify.com/artist/6XyY86QOPPrYVGvF9ch6wz'}, 'href': 'https://api.spotify.com/v1/artists/6XyY86QOPPrYVGvF9ch6wz', 'id': '6XyY86QOPPrYVGvF9ch6wz', 'name': 'Linkin Park', 'type': 'artist', 'uri': 'spotify:artist:6XyY86QOPPrYVGvF9ch6wz'}], 'external_urls': {'spotify': 'https://open.spotify.com/album/3Su6Sgi0YjcUFuCzjLKYYq'}, 'total_tracks': 2}","[{'external_urls': {'spotify': 'https://open.spotify.com/artist/6XyY86QOPPrYVGvF9ch6wz'}, 'href': 'https://api.spotify.com/v1/artists/6XyY86QOPPrYVGvF9ch6wz', 'id': '6XyY86QOPPrYVGvF9ch6wz', 'name': 'Linkin Park', 'type': 'artist', 'uri': 'spotify:artist:6XyY86QOPPrYVGvF9ch6wz'}]",1,1,167012,{'isrc': 'USWB12403466'},{'spotify': 'https://open.spotify.com/track/3fgehc497TFqKH1zBL2YNK'},https://api.spotify.com/v1/tracks/3fgehc497TFqKH1zBL2YNK,3fgehc497TFqKH1zBL2YNK,Heavy Is the Crown,spotify:track:3fgehc497TFqKH1zBL2YNK,False
3,True,True,track,False,True,"{'is_playable': True, 'type': 'album', 'album_type': 'album', 'href': 'https://api.spotify.com/v1/albums/3p7m1Pmg6n3BlpL9Py7IUA', 'id': '3p7m1Pmg6n3BlpL9Py7IUA', 'images': [{'height': 640, 'url': 'https://i.scdn.co/image/ab67616d0000b273e5f6f7ec99735d7b870f18ae', 'width': 640}, {'height': 300, 'url': 'https://i.scdn.co/image/ab67616d00001e02e5f6f7ec99735d7b870f18ae', 'width': 300}, {'height': 64, 'url': 'https://i.scdn.co/image/ab67616d00004851e5f6f7ec99735d7b870f18ae', 'width': 64}], 'name': 'THE DEATH OF PEACE OF MIND', 'release_date': '2022-02-25', 'release_date_precision': 'day', 'uri': 'spotify:album:3p7m1Pmg6n3BlpL9Py7IUA', 'artists': [{'external_urls': {'spotify': 'https://open.spotify.com/artist/3Ri4H12KFyu98LMjSoij5V'}, 'href': 'https://api.spotify.com/v1/artists/3Ri4H12KFyu98LMjSoij5V', 'id': '3Ri4H12KFyu98LMjSoij5V', 'name': 'Bad Omens', 'type': 'artist', 'uri': 'spotify:artist:3Ri4H12KFyu98LMjSoij5V'}], 'external_urls': {'spotify': 'https://open.spotify.com/album/3p7m1Pmg6n3BlpL9Py7IUA'}, 'total_tracks': 15}","[{'external_urls': {'spotify': 'https://open.spotify.com/artist/3Ri4H12KFyu98LMjSoij5V'}, 'href': 'https://api.spotify.com/v1/artists/3Ri4H12KFyu98LMjSoij5V', 'id': '3Ri4H12KFyu98LMjSoij5V', 'name': 'Bad Omens', 'type': 'artist', 'uri': 'spotify:artist:3Ri4H12KFyu98LMjSoij5V'}]",1,6,210685,{'isrc': 'USYFZ2264206'},{'spotify': 'https://open.spotify.com/track/0xoyUiHhxVH4gwb0CRgNmg'},https://api.spotify.com/v1/tracks/0xoyUiHhxVH4gwb0CRgNmg,0xoyUiHhxVH4gwb0CRgNmg,Like A Villain,spotify:track:0xoyUiHhxVH4gwb0CRgNmg,False
4,True,False,track,False,True,"{'is_playable': True, 'type': 'album', 'album_type': 'album', 'href': 'https://api.spotify.com/v1/albums/1gjugH97doz3HktiEjx2vY', 'id': '1gjugH97doz3HktiEjx2vY', 'images': [{'height': 640, 'url': 'https://i.scdn.co/image/ab67616d0000b2730b73608b678f169d3c8f35f0', 'width': 640}, {'height': 300, 'url': 'https://i.scdn.co/image/ab67616d00001e020b73608b678f169d3c8f35f0', 'width': 300}, {'height': 64, 'url': 'https://i.scdn.co/image/ab67616d000048510b73608b678f169d3c8f35f0', 'width': 64}], 'name': 'Take Me Back To Eden', 'release_date': '2023-05-19', 'release_date_precision': 'day', 'uri': 'spotify:album:1gjugH97doz3HktiEjx2vY', 'artists': [{'external_urls': {'spotify': 'https://open.spotify.com/artist/2n2RSaZqBuUUukhbLlpnE6'}, 'href': 'https://api.spotify.com/v1/artists/2n2RSaZqBuUUukhbLlpnE6', 'id': '2n2RSaZqBuUUukhbLlpnE6', 'name': 'Sleep Token', 'type': 'artist', 'uri': 'spotify:artist:2n2RSaZqBuUUukhbLlpnE6'}], 'external_urls': {'spotify': 'https://open.spotify.com/album/1gjugH97doz3HktiEjx2vY'}, 'total_tracks': 12}","[{'external_urls': {'spotify': 'https://open.spotify.com/artist/2n2RSaZqBuUUukhbLlpnE6'}, 'href': 'https://api.spotify.com/v1/artists/2n2RSaZqBuUUukhbLlpnE6', 'id': '2n2RSaZqBuUUukhbLlpnE6', 'name': 'Sleep Token', 'type': 'artist', 'uri': 'spotify:artist:2n2RSaZqBuUUukhbLlpnE6'}]",1,2,395716,{'isrc': 'GBUM72200352'},{'spotify': 'https://open.spotify.com/track/0S38Oso3I9vpDXcTb7kYt9'},https://api.spotify.com/v1/tracks/0S38Oso3I9vpDXcTb7kYt9,0S38Oso3I9vpDXcTb7kYt9,The Summoning,spotify:track:0S38Oso3I9vpDXcTb7kYt9,False
5,True,False,track,False,True,"{'is_playable': True, 'type': 'album', 'album_type': 'album', 'href': 'https://api.spotify.com/v1/albums/5d904eRcMkUSIipPixswNM', 'id': '5d904eRcMkUSIipPixswNM', 'images': [{'height': 640, 'url': 'https://i.scdn.co/image/ab67616d0000b273bec8649634b85d6c2db63f03', 'width': 640}, {'height': 300, 'url': 'https://i.scdn.co/image/ab67616d00001e02bec8649634b85d6c2db63f03', 'width': 300}, {'height': 64, 'url': 'https://i.scdn.co/image/ab67616d00004851bec8649634b85d6c2db63f03', 'width': 64}], 'name': 'Look at Yourself', 'release_date': '2017-03-03', 'release_date_precision': 'day', 'uri': 'spotify:album:5d904eRcMkUSIipPixswNM', 'artists': [{'external_urls': {'spotify': 'https://open.spotify.com/artist/1C62FV9Cltn9L4c9jAwCyk'}, 'href': 'https://api.spotify.com/v1/artists/1C62FV9Cltn9L4c9jAwCyk', 'id': '1C62FV9Cltn9L4c9jAwCyk', 'name': 'Emmure', 'type': 'artist', 'uri': 'spotify:artist:1C62FV9Cltn9L4c9jAwCyk'}], 'external_urls': {'spotify': 'https://open.spotify.com/album/5d904eRcMkUSIipPixswNM'}, 'total_tracks': 13}","[{'external_urls': {'spotify': 'https://open.spotify.com/artist/1C62FV9Cltn9L4c9jAwCyk'}, 'href': 'https://api.spotify.com/v1/artists/1C62FV9Cltn9L4c9jAwCyk', 'id': '1C62FV9Cltn9L4c9jAwCyk', 'name': 'Emmure', 'type': 'artist', 'uri': 'spotify:artist:1C62FV9Cltn9L4c9jAwCyk'}]",1,1,92266,{'isrc': 'DED831601047'},{'spotify': 'https://open.spotify.com/track/0diSnstejl46AiNC2ISoeW'},https://api.spotify.com/v1/tracks/0diSnstejl46AiNC2ISoeW,0diSnstejl46AiNC2ISoeW,You Asked for It,spotify:track:0diSnstejl46AiNC2ISoeW,False
6,True,False,track,False,True,"{'is_playable': True, 'type': 'album', 'album_type': 'album', 'href': 'https://api.spotify.com/v1/albums/0el7KHRPZwYXPwXNeSNdJB', 'id': '0el7KHRPZwYXPwXNeSNdJB', 'images': [{'height': 640, 'url': 'https://i.scdn.co/image/ab67616d0000b27309fe21cd518d989e0c31224d', 'width': 640}, {'height': 300, 'url': 'https://i.scdn.co/image/ab67616d00001e0209fe21cd518d989e0c31224d', 'width': 300}, {'height': 64, 'url': 'https://i.scdn.co/image/ab67616d0000485109fe21cd518d989e0c31224d', 'width': 64}], 'name': 'ERROR', 'release_date': '2022-06-24', 'release_date_precision': 'day', 'uri': 'spotify:album:0el7KHRPZwYXPwXNeSNdJB', 'artists': [{'external_urls': {'spotify': 'https://open.spotify.com/artist/2SmW1lFlBJn4IfBzBZDlSh'}, 'href': 'https://api.spotify.com/v1/artists/2SmW1lFlBJn4IfBzBZDlSh', 'id': '2SmW1lFlBJn4IfBzBZDlSh', 'name': 'The Warning', 'type': 'artist', 'uri': 'spotify:artist:2SmW1lFlBJn4IfBzBZDlSh'}], 'external_urls': {'spotify': 'https://open.spotify.com/album/0el7KHRPZwYXPwXNeSNdJB'}, 'total_tracks': 14}","[{'external_urls': {'spotify': 'https://open.spotify.com/artist/2SmW1lFlBJn4IfBzBZDlSh'}, 'href': 'https://api.spotify.com/v1/artists/2SmW1lFlBJn4IfBzBZDlSh', 'id': '2SmW1lFlBJn4IfBzBZDlSh', 'name': 'The Warning', 'type': 'artist', 'uri': 'spotify:artist:2SmW1lFlBJn4IfBzBZDlSh'}]",1,9,182617,{'isrc': 'USUM72115903'},{'spotify': 'https://open.spotify.com/track/4L8rZacefAFsbYBI6iqQgz'},https://api.spotify.com/v1/tracks/4L8rZacefAFsbYBI6iqQgz,4L8rZacefAFsbYBI6iqQgz,Z,spotify:track:4L8rZacefAFsbYBI6iqQgz,False
7,True,True,track,False,True,"{'is_playable': True, 'type': 'album', 'album_type': 'album', 'href': 'https://api.spotify.com/v1/albums/0cn6MHyx4YuZauaB7Pb66o', 'id': '0cn6MHyx4YuZauaB7Pb66o', 'images': [{'height': 640, 'url': 'https://i.scdn.co/image/ab67616d0000b273c65f8d04502eeddbdd61fa71', 'width': 640}, {'height': 300, 'url': 'https://i.scdn.co/image/ab67616d00001e02c65f8d04502eeddbdd61fa71', 'width': 300}, {'height': 64, 'url': 'https://i.scdn.co/image/ab67616d00004851c65f8d04502eeddbdd61fa71', 'width': 64}], 'name': 'Mezmerize', 'release_date': '2005-05-17', 'release_date_precision': 'day', 'uri': 'spotify:album:0cn6MHyx4YuZauaB7Pb66o', 'artists': [{'external_urls': {'spotify': 'https://open.spotify.com/artist/5eAWCfyUhZtHHtBdNk56l1'}, 'href': 'https://api.spotify.com/v1/artists/5eAWCfyUhZtHHtBdNk56l1', 'id': '5eAWCfyUhZtHHtBdNk56l1', 'name': 'System Of A Down', 'type': 'artist', 'uri': 'spotify:artist:5eAWCfyUhZtHHtBdNk56l1'}], 'external_urls': {'spotify': 'https://open.spotify.com/album/0cn6MHyx4YuZauaB7Pb66o'}, 'total_tracks': 11}","[{'external_urls': {'spotify': 'https://open.spotify.com/artist/5eAWCfyUhZtHHtBdNk56l1'}, 'href': 'https://api.spotify.com/v1/artists/5eAWCfyUhZtHHtBdNk56l1', 'id': '5eAWCfyUhZtHHtBdNk56l1', 'name': 'System Of A Down', 'type': 'artist', 'uri': 'spotify:artist:5eAWCfyUhZtHHtBdNk56l1'}]",1,7,211333,{'isrc': 'USSM10501583'},{'spotify': 'https://open.spotify.com/track/249Z7XT6mf8B2zuI0RaeS0'},https://api.spotify.com/v1/tracks/249Z7XT6mf8B2zuI0RaeS0,249Z7XT6mf8B2zuI0RaeS0,Violent Pornography,spotify:track:249Z7XT6mf8B2zuI0RaeS0,False
8,True,False,track,False,True,"{'is_playable': True, 'type': 'album', 'album_type': 'album', 'href': 'https://api.spotify.com/v1/albums/6hPkbAV3ZXpGZBGUvL6jVM', 'id': '6hPkbAV3ZXpGZBGUvL6jVM', 'images': [{'height': 640, 'url': 'https://i.scdn.co/image/ab67616d0000b273e2f039481babe23658fc719a', 'width': 640}, {'height': 300, 'url': 'https://i.scdn.co/image/ab67616d00001e02e2f039481babe23658fc719a', 'width': 300}, {'height': 64, 'url': 'https://i.scdn.co/image/ab67616d00004851e2f039481babe23658fc719a', 'width': 64}], 'name': 'Hybrid Theory (Bonus Edition)', 'release_date': '2000-10-24', 'release_date_precision': 'day', 'uri': 'spotify:album:6hPkbAV3ZXpGZBGUvL6jVM', 'artists': [{'external_urls': {'spotify': 'https://open.spotify.com/artist/6XyY86QOPPrYVGvF9ch6wz'}, 'href': 'https://api.spotify.com/v1/artists/6XyY86QOPPrYVGvF9ch6wz', 'id': '6XyY86QOPPrYVGvF9ch6wz', 'name': 'Linkin Park', 'type': 'artist', 'uri': 'spotify:artist:6XyY86QOPPrYVGvF9ch6wz'}], 'external_urls': {'spotify': 'https://open.spotify.com/album/6hPkbAV3ZXpGZBGUvL6jVM'}, 'total_tracks': 15}","[{'external_urls': {'spotify': 'https://open.spotify.com/artist/6XyY86QOPPrYVGvF9ch6wz'}, 'href': 'https://api.spotify.com/v1/artists/6XyY86QOPPrYVGvF9ch6wz', 'id': '6XyY86QOPPrYVGvF9ch6wz', 'name': 'Linkin Park', 'type': 'artist', 'uri': 'spotify:artist:6XyY86QOPPrYVGvF9ch6wz'}]",1,1,184866,{'isrc': 'USWB10002403'},{'spotify': 'https://open.spotify.com/track/1Vej0qeQ3ioKwpI6FUbRv1'},https://api.spotify.com/v1/tracks/1Vej0qeQ3ioKwpI6FUbRv1,1Vej0qeQ3ioKwpI6FUbRv1,Papercut,spotify:track:1Vej0qeQ3ioKwpI6FUbRv1,False
9,True,True,track,False,True,"{'is_playable': True, 'type': 'album', 'album_type': 'album', 'href': 'https://api.spotify.com/v1/albums/0dCRu5tVhx9fvbVZSxfjfP', 'id': '0dCRu5tVhx9fvbVZSxfjfP', 'images': [{'height': 640, 'url': 'https://i.scdn.co/image/ab67616d0000b273d23c71c684a6e4d669e8deff', 'width': 640}, {'height': 300, 'url': 'https://i.scdn.co/image/ab67616d00001e02d23c71c684a6e4d669e8deff', 'width': 300}, {'height': 64, 'url': 'https://i.scdn.co/image/ab67616d00004851d23c71c684a6e4d669e8deff', 'width': 64}], 'name': 'Lost and Found', 'release_date': '2005', 'release_date_precision': 'year', 'uri': 'spotify:album:0dCRu5tVhx9fvbVZSxfjfP', 'artists': [{'external_urls': {'spotify': 'https://open.spotify.com/artist/2Pfv2w8a20xzC7Dr7QXRqM'}, 'href': 'https://api.spotify.com/v1/artists/2Pfv2w8a20xzC7Dr7QXRqM', 'id': '2Pfv2w8a20xzC7Dr7QXRqM', 'name': 'Mudvayne', 'type': 'artist', 'uri': 'spotify:artist:2Pfv2w8a20xzC7Dr7QXRqM'}], 'external_urls': {'spotify': 'https://open.spotify.com/album/0dCRu5tVhx9fvbVZSxfjfP'}, 'total_tracks': 12}","[{'external_urls': {'spotify': 'https://open.spotify.com/artist/2Pfv2w8a20xzC7Dr7QXRqM'}, 'href': 'https://api.spotify.com/v1/artists/2Pfv2w8a20xzC7Dr7QXRqM', 'id': '2Pfv2w8a20xzC7Dr7QXRqM', 'name': 'Mudvayne', 'type': 'artist', 'uri': 'spotify:artist:2Pfv2w8a20xzC7Dr7QXRqM'}]",1,3,216426,{'isrc': 'USSM10500054'},{'spotify': 'https://open.spotify.com/track/0INUE1K7cEiE8VH63Rv5RJ'},https://api.spotify.com/v1/tracks/0INUE1K7cEiE8VH63Rv5RJ,0INUE1K7cEiE8VH63Rv5RJ,Happy?,spotify:track:0INUE1K7cEiE8VH63Rv5RJ,False
10,True,True,track,False,True,"{'is_playable': True, 'type': 'album', 'album_type': 'album', 'href': 'https://api.spotify.com/v1/albums/4Io5vWtmV1rFj4yirKb4y4', 'id': '4Io5vWtmV1rFj4yirKb4y4', 'images': [{'height': 640, 'url': 'https://i.scdn.co/image/ab67616d0000b27354ab617bc2d4974ab6ffbece', 'width': 640}, {'height': 300, 'url': 'https://i.scdn.co/image/ab67616d00001e0254ab617bc2d4974ab6ffbece', 'width': 300}, {'height': 64, 'url': 'https://i.scdn.co/image/ab67616d0000485154ab617bc2d4974ab6ffbece', 'width': 64}], 'name': 'Rage Against The Machine - XX (20th Anniversary Special Edition)', 'release_date': '1992', 'release_date_precision': 'year', 'uri': 'spotify:album:4Io5vWtmV1rFj4yirKb4y4', 'artists': [{'external_urls': {'spotify': 'https://open.spotify.com/artist/2d0hyoQ5ynDBnkvAbJKORj'}, 'href': 'https://api.spotify.com/v1/artists/2d0hyoQ5ynDBnkvAbJKORj', 'id': '2d0hyoQ5ynDBnkvAbJKORj', 'name': 'Rage Against The Machine', 'type': 'artist', 'uri': 'spotify:artist:2d0hyoQ5ynDBnkvAbJKORj'}], 'external_urls': {'spotify': 'https://open.spotify.com/album/4Io5vWtmV1rFj4yirKb4y4'}, 'total_tracks': 25}","[{'external_urls': {'spotify': 'https://open.spotify.com/artist/2d0hyoQ5ynDBnkvAbJKORj'}, 'href': 'https://api.spotify.com/v1/artists/2d0hyoQ5ynDBnkvAbJKORj', 'id': '2d0hyoQ5ynDBnkvAbJKORj', 'name': 'Rage Against The Machine', 'type': 'artist', 'uri': 'spotify:artist:2d0hyoQ5ynDBnkvAbJKORj'}]",1,2,313573,{'isrc': 'USSM11205433'},{'spotify': 'https://open.spotify.com/track/59WN2psjkt1tyaxjspN8fp'},https://api.spotify.com/v1/tracks/59WN2psjkt1tyaxjspN8fp,59WN2psjkt1tyaxjspN8fp,Killing In The Name,spotify:track:59WN2psjkt1tyaxjspN8fp,False
11,True,False,track,False,True,"{'is_playable': True, 'type': 'album', 'album_type': 'album', 'href': 'https://api.spotify.com/v1/albums/0f7R0jf0pcTb6K6IVVPcMD', 'id': '0f7R0jf0pcTb6K6IVVPcMD', 'images': [{'height': 640, 'url': 'https://i.scdn.co/image/ab67616d0000b2738b5b6fa1326d996181e71dd7', 'width': 640}, {'height': 300, 'url': 'https://i.scdn.co/image/ab67616d00001e028b5b6fa1326d996181e71dd7', 'width': 300}, {'height': 64, 'url': 'https://i.scdn.co/image/ab67616d000048518b5b6fa1326d996181e71dd7', 'width': 64}], 'name': 'Meteora (Bonus Edition)', 'release_date': '2003-03-25', 'release_date_precision': 'day', 'uri': 'spotify:album:0f7R0jf0pcTb6K6IVVPcMD', 'artists': [{'external_urls': {'spotify': 'https://open.spotify.com/artist/6XyY86QOPPrYVGvF9ch6wz'}, 'href': 'https://api.spotify.com/v1/artists/6XyY86QOPPrYVGvF9ch6wz', 'id': '6XyY86QOPPrYVGvF9ch6wz', 'name': 'Linkin Park', 'type': 'artist', 'uri': 'spotify:artist:6XyY86QOPPrYVGvF9ch6wz'}], 'external_urls': {'spotify': 'https://open.spotify.com/album/0f7R0jf0pcTb6K6IVVPcMD'}, 'total_tracks': 16}","[{'external_urls': {'spotify': 'https://open.spotify.com/artist/6XyY86QOPPrYVGvF9ch6wz'}, 'href': 'https://api.spotify.com/v1/artists/6XyY86QOPPrYVGvF9ch6wz', 'id': '6XyY86QOPPrYVGvF9ch6wz', 'name': 'Linkin Park', 'type': 'artist', 'uri': 'spotify:artist:6XyY86QOPPrYVGvF9ch6wz'}]",1,9,196133,{'isrc': 'USWB10300470'},{'spotify': 'https://open.spotify.com/track/3dxiWIBVJRlqh9xk144rf4'},https://api.spotify.com/v1/tracks/3dxiWIBVJRlqh9xk144rf4,3dxiWIBVJRlqh9xk144rf4,Breaking the Habit,spotify:track:3dxiWIBVJRlqh9xk144rf4,False
12,True,False,track,False,True,"{'is_playable': True, 'type': 'album', 'album_type': 'album', 'href': 'https://api.spotify.com/v1/albums/089oyV5caclve3ap934iRw', 'id': '089oyV5caclve3ap934iRw', 'images': [{'height': 640, 'url': 'https://i.scdn.co/image/ab67616d0000b27326d45b50f2016fed43d54320', 'width': 640}, {'height': 300, 'url': 'https://i.scdn.co/image/ab67616d00001e0226d45b50f2016fed43d54320', 'width': 300}, {'height': 64, 'url': 'https://i.scdn.co/image/ab67616d0000485126d45b50f2016fed43d54320', 'width': 64}], 'name': 'Sinner', 'release_date': '2001-01-01', 'release_date_precision': 'day', 'uri': 'spotify:album:089oyV5caclve3ap934iRw', 'artists': [{'external_urls': {'spotify': 'https://open.spotify.com/artist/1E4r4z7ivGUcSAnCbINJ9v'}, 'href': 'https://api.spotify.com/v1/artists/1E4r4z7ivGUcSAnCbINJ9v', 'id': '1E4r4z7ivGUcSAnCbINJ9v', 'name': 'Drowning Pool', 'type': 'artist', 'uri': 'spotify:artist:1E4r4z7ivGUcSAnCbINJ9v'}], 'external_urls': {'spotify': 'https://open.spotify.com/album/089oyV5caclve3ap934iRw'}, 'total_tracks': 11}","[{'external_urls': {'spotify': 'https://open.spotify.com/artist/1E4r4z7ivGUcSAnCbINJ9v'}, 'href': 'https://api.spotify.com/v1/artists/1E4r4z7ivGUcSAnCbINJ9v', 'id': '1E4r4z7ivGUcSAnCbINJ9v', 'name': 'Drowning Pool', 'type': 'artist', 'uri': 'spotify:artist:1E4r4z7ivGUcSAnCbINJ9v'}]",1,2,201960,{'isrc': 'USWU30006502'},{'spotify': 'https://open.spotify.com/track/7CpbhqKUedOIrcvc94p60Y'},https://api.spotify.com/v1/tracks/7CpbhqKUedOIrcvc94p60Y,7CpbhqKUedOIrcvc94p60Y,Bodies,spotify:track:7CpbhqKUedOIrcvc94p60Y,False
13,True,False,track,False,True,"{'is_playable': True, 'type': 'album', 'album_type': 'album', 'href': 'https://api.spotify.com/v1/albums/1rYHznqLeJVXuy0YqwERGv', 'id': '1rYHznqLeJVXuy0YqwERGv', 'images': [{'height': 640, 'url': 'https://i.scdn.co/image/ab67616d0000b27393c50048dce0f88071728c8c', 'width': 640}, {'height': 300, 'url': 'https://i.scdn.co/image/ab67616d00001e0293c50048dce0f88071728c8c', 'width': 300}, {'height': 64, 'url': 'https://i.scdn.co/image/ab67616d0000485193c50048dce0f88071728c8c', 'width': 64}], 'name': 'Keep Me Fed', 'release_date': '2024-06-28', 'release_date_precision': 'day', 'uri': 'spotify:album:1rYHznqLeJVXuy0YqwERGv', 'artists': [{'external_urls': {'spotify': 'https://open.spotify.com/artist/2SmW1lFlBJn4IfBzBZDlSh'}, 'href': 'https://api.spotify.com/v1/artists/2SmW1lFlBJn4IfBzBZDlSh', 'id': '2SmW1lFlBJn4IfBzBZDlSh', 'name': 'The Warning', 'type': 'artist', 'uri': 'spotify:artist:2SmW1lFlBJn4IfBzBZDlSh'}], 'external_urls': {'spotify': 'https://open.spotify.com/album/1rYHznqLeJVXuy0YqwERGv'}, 'total_tracks': 12}","[{'external_urls': {'spotify': 'https://open.spotify.com/artist/2SmW1lFlBJn4IfBzBZDlSh'}, 'href': 'https://api.spotify.com/v1/artists/2SmW1lFlBJn4IfBzBZDlSh', 'id': '2SmW1lFlBJn4IfBzBZDlSh', 'name': 'The Warning', 'type': 'artist', 'uri': 'spotify:artist:2SmW1lFlBJn4IfBzBZDlSh'}]",1,12,190859,{'isrc': 'USUM72402509'},{'spotify': 'https://open.spotify.com/track/4GxdRrDz8nV2B51wdaQh5k'},https://api.spotify.com/v1/tracks/4GxdRrDz8nV2B51wdaQh5k,4GxdRrDz8nV2B51wdaQh5k,Automatic Sun,spotify:track:4GxdRrDz8nV2B51wdaQh5k,False
14,True,True,track,False,True,"{'is_playable': True, 'type': 'album', 'album_type': 'album', 'href': 'https://api.spotify.com/v1/albums/30YN03R4Bjl8Qwz8wPRoXG', 'id': '30YN03R4Bjl8Qwz8wPRoXG', 'images': [{'height': 640, 'url': 'https://i.scdn.co/image/ab67616d0000b273e0aa988082afc4ea586ab8dc', 'width': 640}, {'height': 300, 'url': 'https://i.scdn.co/image/ab67616d00001e02e0aa988082afc4ea586ab8dc', 'width': 300}, {'height': 64, 'url': 'https://i.scdn.co/image/ab67616d00004851e0aa988082afc4ea586ab8dc', 'width': 64}], 'name': 'Adrenaline', 'release_date': '1995', 'release_date_precision': 'year', 'uri': 'spotify:album:30YN03R4Bjl8Qwz8wPRoXG', 'artists': [{'external_urls': {'spotify': 'https://open.spotify.com/artist/6Ghvu1VvMGScGpOUJBAHNH'}, 'href': 'https://api.spotify.com/v1/artists/6Ghvu1VvMGScGpOUJBAHNH', 'id': '6Ghvu1VvMGScGpOUJBAHNH', 'name': 'Deftones', 'type': 'artist', 'uri': 'spotify:artist:6Ghvu1VvMGScGpOUJBAHNH'}], 'external_urls': {'spotify': 'https://open.spotify.com/album/30YN03R4Bjl8Qwz8wPRoXG'}, 'total_tracks': 11}","[{'external_urls': {'spotify': 'https://open.spotify.com/artist/6Ghvu1VvMGScGpOUJBAHNH'}, 'href': 'https://api.spotify.com/v1/artists/6Ghvu1VvMGScGpOUJBAHNH', 'id': '6Ghvu1VvMGScGpOUJBAHNH', 'name': 'Deftones', 'type': 'artist', 'uri': 'spotify:artist:6Ghvu1VvMGScGpOUJBAHNH'}]",1,9,204880,{'isrc': 'USMV20000053'},{'spotify': 'https://open.spotify.com/track/5vVKkF3xih38Vcoo4HgAo8'},https://api.spotify.com/v1/tracks/5vVKkF3xih38Vcoo4HgAo8,5vVKkF3xih38Vcoo4HgAo8,Engine No. 9,spotify:track:5vVKkF3xih38Vcoo4HgAo8,False
15,True,False,track,False,True,"{'is_playable': True, 'type': 'album', 'album_type': 'album', 'href': 'https://api.spotify.com/v1/albums/6jWde94ln40epKIQCd8XUh', 'id': '6jWde94ln40epKIQCd8XUh', 'images': [{'height': 640, 'url': 'https://i.scdn.co/image/ab67616d0000b27307bc7d2a745636c356b4d0aa', 'width': 640}, {'height': 300, 'url': 'https://i.scdn.co/image/ab67616d00001e0207bc7d2a745636c356b4d0aa', 'width': 300}, {'height': 64, 'url': 'https://i.scdn.co/image/ab67616d0000485107bc7d2a745636c356b4d0aa', 'width': 64}], 'name': 'Toxicity', 'release_date': '2001-09-04', 'release_date_precision': 'day', 'uri': 'spotify:album:6jWde94ln40epKIQCd8XUh', 'artists': [{'external_urls': {'spotify': 'https://open.spotify.com/artist/5eAWCfyUhZtHHtBdNk56l1'}, 'href': 'https://api.spotify.com/v1/artists/5eAWCfyUhZtHHtBdNk56l1', 'id': '5eAWCfyUhZtHHtBdNk56l1', 'name': 'System Of A Down', 'type': 'artist', 'uri': 'spotify:artist:5eAWCfyUhZtHHtBdNk56l1'}], 'external_urls': {'spotify': 'https://open.spotify.com/album/6jWde94ln40epKIQCd8XUh'}, 'total_tracks': 15}","[{'external_urls': {'spotify': 'https://open.spotify.com/artist/5eAWCfyUhZtHHtBdNk56l1'}, 'href': 'https://api.spotify.com/v1/artists/5eAWCfyUhZtHHtBdNk56l1', 'id': '5eAWCfyUhZtHHtBdNk56l1', 'name': 'System Of A Down', 'type': 'artist', 'uri': 'spotify:artist:5eAWCfyUhZtHHtBdNk56l1'}]",1,12,218933,{'isrc': 'USSM10107262'},{'spotify': 'https://open.spotify.com/track/0snQkGI5qnAmohLE7jTsTn'},https://api.spotify.com/v1/tracks/0snQkGI5qnAmohLE7jTsTn,0snQkGI5qnAmohLE7jTsTn,Toxicity,spotify:track:0snQkGI5qnAmohLE7jTsTn,False
16,True,True,track,False,True,"{'is_playable': True, 'type': 'album', 'album_type': 'album', 'href': 'https://api.spotify.com/v1/albums/0cn6MHyx4YuZauaB7Pb66o', 'id': '0cn6MHyx4YuZauaB7Pb66o', 'images': [{'height': 640, 'url': 'https://i.scdn.co/image/ab67616d0000b273c65f8d04502eeddbdd61fa71', 'width': 640}, {'height': 300, 'url': 'https://i.scdn.co/image/ab67616d00001e02c65f8d04502eeddbdd61fa71', 'width': 300}, {'height': 64, 'url': 'https://i.scdn.co/image/ab67616d00004851c65f8d04502eeddbdd61fa71', 'width': 64}], 'name': 'Mezmerize', 'release_date': '2005-05-17', 'release_date_precision': 'day', 'uri': 'spotify:album:0cn6MHyx4YuZauaB7Pb66o', 'artists': [{'external_urls': {'spotify': 'https://open.spotify.com/artist/5eAWCfyUhZtHHtBdNk56l1'}, 'href': 'https://api.spotify.com/v1/artists/5eAWCfyUhZtHHtBdNk56l1', 'id': '5eAWCfyUhZtHHtBdNk56l1', 'name': 'System Of A Down', 'type': 'artist', 'uri': 'spotify:artist:5eAWCfyUhZtHHtBdNk56l1'}], 'external_urls': {'spotify': 'https://open.spotify.com/album/0cn6MHyx4YuZauaB7Pb66o'}, 'total_tracks': 11}","[{'external_urls': {'spotify': 'https://open.spotify.com/artist/5eAWCfyUhZtHHtBdNk56l1'}, 'href': 'https://api.spotify.com/v1/artists/5eAWCfyUhZtHHtBdNk56l1', 'id': '5eAWCfyUhZtHHtBdNk56l1', 'name': 'System Of A Down', 'type': 'artist', 'uri': 'spotify:artist:5eAWCfyUhZtHHtBdNk56l1'}]",1,4,131706,{'isrc': 'USSM10500838'},{'spotify': 'https://open.spotify.com/track/47EqCQZG5v4o0WFMufGf5S'},https://api.spotify.com/v1/tracks/47EqCQZG5v4o0WFMufGf5S,47EqCQZG5v4o0WFMufGf5S,Cigaro,spotify:track:47EqCQZG5v4o0WFMufGf5S,False
17,True,False,track,False,True,"{'is_playable': True, 'type': 'album', 'album_type': 'album', 'href': 'https://api.spotify.com/v1/albums/2B4lHoTCpWbxQPTZmCOjnH', 'id': '2B4lHoTCpWbxQPTZmCOjnH', 'images': [{'height': 640, 'url': 'https://i.scdn.co/image/ab67616d0000b27313d4adf9e4b938f88266f4e4', 'width': 640}, {'height': 300, 'url': 'https://i.scdn.co/image/ab67616d00001e0213d4adf9e4b938f88266f4e4', 'width': 300}, {'height': 64, 'url': 'https://i.scdn.co/image/ab67616d0000485113d4adf9e4b938f88266f4e4', 'width': 64}], 'name': 'Hellbilly Deluxe', 'release_date': '1998-01-01', 'release_date_precision': 'day', 'uri': 'spotify:album:2B4lHoTCpWbxQPTZmCOjnH', 'artists': [{'external_urls': {'spotify': 'https://open.spotify.com/artist/3HVdAiMNjYrQIKlOGxoGh5'}, 'href': 'https://api.spotify.com/v1/artists/3HVdAiMNjYrQIKlOGxoGh5', 'id': '3HVdAiMNjYrQIKlOGxoGh5', 'name': 'Rob Zombie', 'type': 'artist', 'uri': 'spotify:artist:3HVdAiMNjYrQIKlOGxoGh5'}], 'external_urls': {'spotify': 'https://open.spotify.com/album/2B4lHoTCpWbxQPTZmCOjnH'}, 'total_tracks': 13}","[{'external_urls': {'spotify': 'https://open.spotify.com/artist/3HVdAiMNjYrQIKlOGxoGh5'}, 'href': 'https://api.spotify.com/v1/artists/3HVdAiMNjYrQIKlOGxoGh5', 'id': '3HVdAiMNjYrQIKlOGxoGh5', 'name': 'Rob Zombie', 'type': 'artist', 'uri': 'spotify:artist:3HVdAiMNjYrQIKlOGxoGh5'}]",1,3,222826,{'isrc': 'USGF19821203'},{'spotify': 'https://open.spotify.com/track/6Nm8h73ycDG2saCnZV8poF'},https://api.spotify.com/v1/tracks/6Nm8h73ycDG2saCnZV8poF,6Nm8h73ycDG2saCnZV8poF,Dragula,spotify:track:6Nm8h73ycDG2saCnZV8poF,False
18,True,True,track,False,True,"{'is_playable': True, 'type': 'album', 'album_type': 'album', 'href': 'https://api.spotify.com/v1/albums/24E6rDvGDuYFjlGewp4ntF', 'id': '24E6rDvGDuYFjlGewp4ntF', 'images': [{'height': 640, 'url': 'https://i.scdn.co/image/ab67616d0000b273053f006079bce979e5fef1e1', 'width': 640}, {'height': 300, 'url': 'https://i.scdn.co/image/ab67616d00001e02053f006079bce979e5fef1e1', 'width': 300}, {'height': 64, 'url': 'https://i.scdn.co/image/ab67616d00004851053f006079bce979e5fef1e1', 'width': 64}], 'name': 'Evil Empire', 'release_date': '1996-04-16', 'release_date_precision': 'day', 'uri': 'spotify:album:24E6rDvGDuYFjlGewp4ntF', 'artists': [{'external_urls': {'spotify': 'https://open.spotify.com/artist/2d0hyoQ5ynDBnkvAbJKORj'}, 'href': 'https://api.spotify.com/v1/artists/2d0hyoQ5ynDBnkvAbJKORj', 'id': '2d0hyoQ5ynDBnkvAbJKORj', 'name': 'Rage Against The Machine', 'type': 'artist', 'uri': 'spotify:artist:2d0hyoQ5ynDBnkvAbJKORj'}], 'external_urls': {'spotify': 'https://open.spotify.com/album/24E6rDvGDuYFjlGewp4ntF'}, 'total_tracks': 11}","[{'external_urls': {'spotify': 'https://open.spotify.com/artist/2d0hyoQ5ynDBnkvAbJKORj'}, 'href': 'https://api.spotify.com/v1/artists/2d0hyoQ5ynDBnkvAbJKORj', 'id': '2d0hyoQ5ynDBnkvAbJKORj', 'name': 'Rage Against The Machine', 'type': 'artist', 'uri': 'spotify:artist:2d0hyoQ5ynDBnkvAbJKORj'}]",1,2,229466,{'isrc': 'USSM19502563'},{'spotify': 'https://open.spotify.com/track/0tZ3mElWcr74OOhKEiNz1x'},https://api.spotify.com/v1/tracks/0tZ3mElWcr74OOhKEiNz1x,0tZ3mElWcr74OOhKEiNz1x,Bulls On Parade,spotify:track:0tZ3mElWcr74OOhKEiNz1x,False
19,True,False,track,False,True,"{'is_playable': True, 'type': 'album', 'album_type': 'album', 'href': 'https://api.spotify.com/v1/albums/1rYHznqLeJVXuy0YqwERGv', 'id': '1rYHznqLeJVXuy0YqwERGv', 'images': [{'height': 640, 'url': 'https://i.scdn.co/image/ab67616d0000b27393c50048dce0f88071728c8c', 'width': 640}, {'height': 300, 'url': 'https://i.scdn.co/image/ab67616d00001e0293c50048dce0f88071728c8c', 'width': 300}, {'height': 64, 'url': 'https://i.scdn.co/image/ab67616d0000485193c50048dce0f88071728c8c', 'width': 64}], 'name': 'Keep Me Fed', 'release_date': '2024-06-28', 'release_date_precision': 'day', 'uri': 'spotify:album:1rYHznqLeJVXuy0YqwERGv', 'artists': [{'external_urls': {'spotify': 'https://open.spotify.com/artist/2SmW1lFlBJn4IfBzBZDlSh'}, 'href': 'https://api.spotify.com/v1/artists/2SmW1lFlBJn4IfBzBZDlSh', 'id': '2SmW1lFlBJn4IfBzBZDlSh', 'name': 'The Warning', 'type': 'artist', 'uri': 'spotify:artist:2SmW1lFlBJn4IfBzBZDlSh'}], 'external_urls': {'spotify': 'https://open.spotify.com/album/1rYHznqLeJVXuy0YqwERGv'}, 'total_tracks': 12}","[{'external_urls': {'spotify': 'https://open.spotify.com/artist/2SmW1lFlBJn4IfBzBZDlSh'}, 'href': 'https://api.spotify.com/v1/artists/2SmW1lFlBJn4IfBzBZDlSh', 'id': '2SmW1lFlBJn4IfBzBZDlSh', 'name': 'The Warning', 'type': 'artist', 'uri': 'spotify:artist:2SmW1lFlBJn4IfBzBZDlSh'}]",1,9,188121,{'isrc': 'USUM72402503'},{'spotify': 'https://open.spotify.com/track/32IBLKj7O4kRtXmBlPXqWo'},https://api.spotify.com/v1/tracks/32IBLKj7O4kRtXmBlPXqWo,32IBLKj7O4kRtXmBlPXqWo,Sharks,spotify:track:32IBLKj7O4kRtXmBlPXqWo,False
20,True,True,track,False,True,"{'is_playable': True, 'type': 'album', 'album_type': 'album', 'href': 'https://api.spotify.com/v1/albums/3p7m1Pmg6n3BlpL9Py7IUA', 'id': '3p7m1Pmg6n3BlpL9Py7IUA', 'images': [{'height': 640, 'url': 'https://i.scdn.co/image/ab67616d0000b273e5f6f7ec99735d7b870f18ae', 'width': 640}, {'height': 300, 'url': 'https://i.scdn.co/image/ab67616d00001e02e5f6f7ec99735d7b870f18ae', 'width': 300}, {'height': 64, 'url': 'https://i.scdn.co/image/ab67616d00004851e5f6f7ec99735d7b870f18ae', 'width': 64}], 'name': 'THE DEATH OF PEACE OF MIND', 'release_date': '2022-02-25', 'release_date_precision': 'day', 'uri': 'spotify:album:3p7m1Pmg6n3BlpL9Py7IUA', 'artists': [{'external_urls': {'spotify': 'https://open.spotify.com/artist/3Ri4H12KFyu98LMjSoij5V'}, 'href': 'https://api.spotify.com/v1/artists/3Ri4H12KFyu98LMjSoij5V', 'id': '3Ri4H12KFyu98LMjSoij5V', 'name': 'Bad Omens', 'type': 'artist', 'uri': 'spotify:artist:3Ri4H12KFyu98LMjSoij5V'}], 'external_urls': {'spotify': 'https://open.spotify.com/album/3p7m1Pmg6n3BlpL9Py7IUA'}, 'total_tracks': 15}","[{'external_urls': {'spotify': 'https://open.spotify.com/artist/3Ri4H12KFyu98LMjSoij5V'}, 'href': 'https://api.spotify.com/v1/artists/3Ri4H12KFyu98LMjSoij5V', 'id': '3Ri4H12KFyu98LMjSoij5V', 'name': 'Bad Omens', 'type': 'artist', 'uri': 'spotify:artist:3Ri4H12KFyu98LMjSoij5V'}]",1,14,195000,{'isrc': 'USYFZ2264214'},{'spotify': 'https://open.spotify.com/track/2Qv8xJzenocwXyGlMU5PaC'},https://api.spotify.com/v1/tracks/2Qv8xJzenocwXyGlMU5PaC,2Qv8xJzenocwXyGlMU5PaC,ARTIFICIAL SUICIDE,spotify:track:2Qv8xJzenocwXyGlMU5PaC,False
21,True,False,track,False,True,"{'is_playable': True, 'type': 'album', 'album_type': 'album', 'href': 'https://api.spotify.com/v1/albums/32QHWyKkZykhjHXzgRaZyg', 'id': '32QHWyKkZykhjHXzgRaZyg', 'images': [{'height': 640, 'url': 'https://i.scdn.co/image/ab67616d0000b2733cb9e1578e09eb822e980eef', 'width': 640}, {'height': 300, 'url': 'https://i.scdn.co/image/ab67616d00001e023cb9e1578e09eb822e980eef', 'width': 300}, {'height': 64, 'url': 'https://i.scdn.co/image/ab67616d000048513cb9e1578e09eb822e980eef', 'width': 64}], 'name': 'Babylon (Revised Online Music)', 'release_date': '2004-08-31', 'release_date_precision': 'day', 'uri': 'spotify:album:32QHWyKkZykhjHXzgRaZyg', 'artists': [{'external_urls': {'spotify': 'https://open.spotify.com/artist/3jTlKw98Ql1jGRPYqhqHap'}, 'href': 'https://api.spotify.com/v1/artists/3jTlKw98Ql1jGRPYqhqHap', 'id': '3jTlKw98Ql1jGRPYqhqHap', 'name': 'Skindred', 'type': 'artist', 'uri': 'spotify:artist:3jTlKw98Ql1jGRPYqhqHap'}], 'external_urls': {'spotify': 'https://open.spotify.com/album/32QHWyKkZykhjHXzgRaZyg'}, 'total_tracks': 18}","[{'external_urls': {'spotify': 'https://open.spotify.com/artist/3jTlKw98Ql1jGRPYqhqHap'}, 'href': 'https://api.spotify.com/v1/artists/3jTlKw98Ql1jGRPYqhqHap', 'id': '3jTlKw98Ql1jGRPYqhqHap', 'name': 'Skindred', 'type': 'artist', 'uri': 'spotify:artist:3jTlKw98Ql1jGRPYqhqHap'}]",1,2,236013,{'isrc': 'USAT20400765'},{'spotify': 'https://open.spotify.com/track/581mukhDjta60CCwpvnjL9'},https://api.spotify.com/v1/tracks/581mukhDjta60CCwpvnjL9,581mukhDjta60CCwpvnjL9,Nobody,spotify:track:581mukhDjta60CCwpvnjL9,False
22,True,False,track,False,True,"{'is_playable': True, 'type': 'album', 'album_type': 'album', 'href': 'https://api.spotify.com/v1/albums/02w1xMzzdF2OJxTeh1basm', 'id': '02w1xMzzdF2OJxTeh1basm', 'images': [{'height': 640, 'url': 'https://i.scdn.co/image/ab67616d0000b27325f49ab23f0ec6332efef432', 'width': 640}, {'height': 300, 'url': 'https://i.scdn.co/image/ab67616d00001e0225f49ab23f0ec6332efef432', 'width': 300}, {'height': 64, 'url': 'https://i.scdn.co/image/ab67616d0000485125f49ab23f0ec6332efef432', 'width': 64}], 'name': 'Fallen', 'release_date': '2003-03-04', 'release_date_precision': 'day', 'uri': 'spotify:album:02w1xMzzdF2OJxTeh1basm', 'artists': [{'external_urls': {'spotify': 'https://open.spotify.com/artist/5nGIFgo0shDenQYSE0Sn7c'}, 'href': 'https://api.spotify.com/v1/artists/5nGIFgo0shDenQYSE0Sn7c', 'id': '5nGIFgo0shDenQYSE0Sn7c', 'name': 'Evanescence', 'type': 'artist', 'uri': 'spotify:artist:5nGIFgo0shDenQYSE0Sn7c'}], 'external_urls': {'spotify': 'https://open.spotify.com/album/02w1xMzzdF2OJxTeh1basm'}, 'total_tracks': 12}","[{'external_urls': {'spotify': 'https://open.spotify.com/artist/5nGIFgo0shDenQYSE0Sn7c'}, 'href': 'https://api.spotify.com/v1/artists/5nGIFgo0shDenQYSE0Sn7c', 'id': '5nGIFgo0shDenQYSE0Sn7c', 'name': 'Evanescence', 'type': 'artist', 'uri': 'spotify:artist:5nGIFgo0shDenQYSE0Sn7c'}]",1,1,214946,{'isrc': 'USWU30200108'},{'spotify': 'https://open.spotify.com/track/3UygY7qW2cvG9Llkay6i1i'},https://api.spotify.com/v1/tracks/3UygY7qW2cvG9Llkay6i1i,3UygY7qW2cvG9Llkay6i1i,Going Under,spotify:track:3UygY7qW2cvG9Llkay6i1i,False
23,True,True,track,False,True,"{'is_playable': True, 'type': 'album', 'album_type': 'album', 'href': 'https://api.spotify.com/v1/albums/5Zs0mNCTs73CqPKbZPWFX9', 'id': '5Zs0mNCTs73CqPKbZPWFX9', 'images': [{'height': 640, 'url': 'https://i.scdn.co/image/ab67616d0000b273a62eefef8ee83d5e09aa8331', 'width': 640}, {'height': 300, 'url': 'https://i.scdn.co/image/ab67616d00001e02a62eefef8ee83d5e09aa8331', 'width': 300}, {'height': 64, 'url': 'https://i.scdn.co/image/ab67616d00004851a62eefef8ee83d5e09aa8331', 'width': 64}], 'name': 'Iowa (10th Anniversary Edition)', 'release_date': '2001', 'release_date_precision': 'year', 'uri': 'spotify:album:5Zs0mNCTs73CqPKbZPWFX9', 'artists': [{'external_urls': {'spotify': 'https://open.spotify.com/artist/05fG473iIaoy82BF1aGhL8'}, 'href': 'https://api.spotify.com/v1/artists/05fG473iIaoy82BF1aGhL8', 'id': '05fG473iIaoy82BF1aGhL8', 'name': 'Slipknot', 'type': 'artist', 'uri': 'spotify:artist:05fG473iIaoy82BF1aGhL8'}], 'external_urls': {'spotify': 'https://open.spotify.com/album/5Zs0mNCTs73CqPKbZPWFX9'}, 'total_tracks': 33}","[{'external_urls': {'spotify': 'https://open.spotify.com/artist/05fG473iIaoy82BF1aGhL8'}, 'href': 'https://api.spotify.com/v1/artists/05fG473iIaoy82BF1aGhL8', 'id': '05fG473iIaoy82BF1aGhL8', 'name': 'Slipknot', 'type': 'artist', 'uri': 'spotify:artist:05fG473iIaoy82BF1aGhL8'}]",1,6,254000,{'isrc': 'NLA320119545'},{'spotify': 'https://open.spotify.com/track/3OYZWMm5m2DEwq2Tc1ukTh'},https://api.spotify.com/v1/tracks/3OYZWMm5m2DEwq2Tc1ukTh,3OYZWMm5m2DEwq2Tc1ukTh,The Heretic Anthem,spotify:track:3OYZWMm5m2DEwq2Tc1ukTh,False
24,True,True,track,False,True,"{'is_playable': True, 'type': 'album', 'album_type': 'album', 'href': 'https://api.spotify.com/v1/albums/2dL9Q5AtIv4Rw1L6lKcIUc', 'id': '2dL9Q5AtIv4Rw1L6lKcIUc', 'images': [{'height': 640, 'url': 'https://i.scdn.co/image/ab67616d0000b273c9fb2f3be56b2385ef4221a2', 'width': 640}, {'height': 300, 'url': 'https://i.scdn.co/image/ab67616d00001e02c9fb2f3be56b2385ef4221a2', 'width': 300}, {'height': 64, 'url': 'https://i.scdn.co/image/ab67616d00004851c9fb2f3be56b2385ef4221a2', 'width': 64}], 'name': 'Slipknot (10th Anniversary Edition)', 'release_date': '2009-09-09', 'release_date_precision': 'day', 'uri': 'spotify:album:2dL9Q5AtIv4Rw1L6lKcIUc', 'artists': [{'external_urls': {'spotify': 'https://open.spotify.com/artist/05fG473iIaoy82BF1aGhL8'}, 'href': 'https://api.spotify.com/v1/artists/05fG473iIaoy82BF1aGhL8', 'id': '05fG473iIaoy82BF1aGhL8', 'name': 'Slipknot', 'type': 'artist', 'uri': 'spotify:artist:05fG473iIaoy82BF1aGhL8'}], 'external_urls': {'spotify': 'https://open.spotify.com/album/2dL9Q5AtIv4Rw1L6lKcIUc'}, 'total_tracks': 25}","[{'external_urls': {'spotify': 'https://open.spotify.com/artist/05fG473iIaoy82BF1aGhL8'}, 'href': 'https://api.spotify.com/v1/artists/05fG473iIaoy82BF1aGhL8', 'id': '05fG473iIaoy82BF1aGhL8', 'name': 'Slipknot', 'type': 'artist', 'uri': 'spotify:artist:05fG473iIaoy82BF1aGhL8'}]",1,3,236360,{'isrc': 'NLA329980193'},{'spotify': 'https://open.spotify.com/track/7MEHTWzEi3z7P2jEWAcdHZ'},https://api.spotify.com/v1/tracks/7MEHTWzEi3z7P2jEWAcdHZ,7MEHTWzEi3z7P2jEWAcdHZ,Eyeless,spotify:track:7MEHTWzEi3z7P2jEWAcdHZ,False
25,True,True,track,False,True,"{'is_playable': True, 'type': 'album', 'album_type': 'album', 'href': 'https://api.spotify.com/v1/albums/6PUmlxsIK7Z2Gr5OSTa5YA', 'id': '6PUmlxsIK7Z2Gr5OSTa5YA', 'images': [{'height': 640, 'url': 'https://i.scdn.co/image/ab67616d0000b273d856363649eb9d4a03adde54', 'width': 640}, {'height': 300, 'url': 'https://i.scdn.co/image/ab67616d00001e02d856363649eb9d4a03adde54', 'width': 300}, {'height': 64, 'url': 'https://i.scdn.co/image/ab67616d00004851d856363649eb9d4a03adde54', 'width': 64}], 'name': 'FISSION', 'release_date': '2024-01-26', 'release_date_precision': 'day', 'uri': 'spotify:album:6PUmlxsIK7Z2Gr5OSTa5YA', 'artists': [{'external_urls': {'spotify': 'https://open.spotify.com/artist/31M8EXHYtEqOqVb1X7JRVe'}, 'href': 'https://api.spotify.com/v1/artists/31M8EXHYtEqOqVb1X7JRVe', 'id': '31M8EXHYtEqOqVb1X7JRVe', 'name': 'Dead Poet Society', 'type': 'artist', 'uri': 'spotify:artist:31M8EXHYtEqOqVb1X7JRVe'}], 'external_urls': {'spotify': 'https://open.spotify.com/album/6PUmlxsIK7Z2Gr5OSTa5YA'}, 'total_tracks': 13}","[{'external_urls': {'spotify': 'https://open.spotify.com/artist/31M8EXHYtEqOqVb1X7JRVe'}, 'href': 'https://api.spotify.com/v1/artists/31M8EXHYtEqOqVb1X7JRVe', 'id': '31M8EXHYtEqOqVb1X7JRVe', 'name': 'Dead Poet Society', 'type': 'artist', 'uri': 'spotify:artist:31M8EXHYtEqOqVb1X7JRVe'}]",1,3,213924,{'isrc': 'GBPVV2305352'},{'spotify': 'https://open.spotify.com/track/0E0GPPvheTzleZgWckjef2'},https://api.spotify.com/v1/tracks/0E0GPPvheTzleZgWckjef2,0E0GPPvheTzleZgWckjef2,HURT,spotify:track:0E0GPPvheTzleZgWckjef2,False
26,True,False,track,False,True,"{'is_playable': True, 'type': 'album', 'album_type': 'compilation', 'href': 'https://api.spotify.com/v1/albums/4K5E5mWQbECn9aThu6Xnkx', 'id': '4K5E5mWQbECn9aThu6Xnkx', 'images': [{'height': 640, 'url': 'https://i.scdn.co/image/ab67616d0000b27396a926d07aea417327ea024a', 'width': 640}, {'height': 300, 'url': 'https://i.scdn.co/image/ab67616d00001e0296a926d07aea417327ea024a', 'width': 300}, {'height': 64, 'url': 'https://i.scdn.co/image/ab67616d0000485196a926d07aea417327ea024a', 'width': 64}], 'name': 'Ride The Lightning (Deluxe / Remastered)', 'release_date': '1984-07-26', 'release_date_precision': 'day', 'uri': 'spotify:album:4K5E5mWQbECn9aThu6Xnkx', 'artists': [{'external_urls': {'spotify': 'https://open.spotify.com/artist/2ye2Wgw4gimLv2eAKyk1NB'}, 'href': 'https://api.spotify.com/v1/artists/2ye2Wgw4gimLv2eAKyk1NB', 'id': '2ye2Wgw4gimLv2eAKyk1NB', 'name': 'Metallica', 'type': 'artist', 'uri': 'spotify:artist:2ye2Wgw4gimLv2eAKyk1NB'}], 'external_urls': {'spotify': 'https://open.spotify.com/album/4K5E5mWQbECn9aThu6Xnkx'}, 'total_tracks': 64}","[{'external_urls': {'spotify': 'https://open.spotify.com/artist/2ye2Wgw4gimLv2eAKyk1NB'}, 'href': 'https://api.spotify.com/v1/artists/2ye2Wgw4gimLv2eAKyk1NB', 'id': '2ye2Wgw4gimLv2eAKyk1NB', 'name': 'Metallica', 'type': 'artist', 'uri': 'spotify:artist:2ye2Wgw4gimLv2eAKyk1NB'}]",1,4,417226,{'isrc': 'QMKHM1600097'},{'spotify': 'https://open.spotify.com/track/5nekfiTN45vlxG0eNJQQye'},https://api.spotify.com/v1/tracks/5nekfiTN45vlxG0eNJQQye,5nekfiTN45vlxG0eNJQQye,Fade To Black - Remastered,spotify:track:5nekfiTN45vlxG0eNJQQye,False
27,True,True,track,False,True,"{'is_playable': True, 'type': 'album', 'album_type': 'album', 'href': 'https://api.spotify.com/v1/albums/3p7m1Pmg6n3BlpL9Py7IUA', 'id': '3p7m1Pmg6n3BlpL9Py7IUA', 'images': [{'height': 640, 'url': 'https://i.scdn.co/image/ab67616d0000b273e5f6f7ec99735d7b870f18ae', 'width': 640}, {'height': 300, 'url': 'https://i.scdn.co/image/ab67616d00001e02e5f6f7ec99735d7b870f18ae', 'width': 300}, {'height': 64, 'url': 'https://i.scdn.co/image/ab67616d00004851e5f6f7ec99735d7b870f18ae', 'width': 64}], 'name': 'THE DEATH OF PEACE OF MIND', 'release_date': '2022-02-25', 'release_date_precision': 'day', 'uri': 'spotify:album:3p7m1Pmg6n3BlpL9Py7IUA', 'artists': [{'external_urls': {'spotify': 'https://open.spotify.com/artist/3Ri4H12KFyu98LMjSoij5V'}, 'href': 'https://api.spotify.com/v1/artists/3Ri4H12KFyu98LMjSoij5V', 'id': '3Ri4H12KFyu98LMjSoij5V', 'name': 'Bad Omens', 'type': 'artist', 'uri': 'spotify:artist:3Ri4H12KFyu98LMjSoij5V'}], 'external_urls': {'spotify': 'https://open.spotify.com/album/3p7m1Pmg6n3BlpL9Py7IUA'}, 'total_tracks': 15}","[{'external_urls': {'spotify': 'https://open.spotify.com/artist/3Ri4H12KFyu98LMjSoij5V'}, 'href': 'https://api.spotify.com/v1/artists/3Ri4H12KFyu98LMjSoij5V', 'id': '3Ri4H12KFyu98LMjSoij5V', 'name': 'Bad Omens', 'type': 'artist', 'uri': 'spotify:artist:3Ri4H12KFyu98LMjSoij5V'}]",1,4,241499,{'isrc': 'USYFZ2264204'},{'spotify': 'https://open.spotify.com/track/6tRneEcItwpSxBtqgem5Dr'},https://api.spotify.com/v1/tracks/6tRneEcItwpSxBtqgem5Dr,6tRneEcItwpSxBtqgem5Dr,THE DEATH OF PEACE OF MIND,spotify:track:6tRneEcItwpSxBtqgem5Dr,False
28,True,False,track,False,True,"{'is_playable': True, 'type': 'album', 'album_type': 'single', 'href': 'https://api.spotify.com/v1/albums/28sBiYcFfkpAldZodapMyU', 'id': '28sBiYcFfkpAldZodapMyU', 'images': [{'height': 640, 'url': 'https://i.scdn.co/image/ab67616d0000b2738515be38589bf130a2f535e1', 'width': 640}, {'height': 300, 'url': 'https://i.scdn.co/image/ab67616d00001e028515be38589bf130a2f535e1', 'width': 300}, {'height': 64, 'url': 'https://i.scdn.co/image/ab67616d000048518515be38589bf130a2f535e1', 'width': 64}], 'name': 'Jaded', 'release_date': '2023-08-25', 'release_date_precision': 'day', 'uri': 'spotify:album:28sBiYcFfkpAldZodapMyU', 'artists': [{'external_urls': {'spotify': 'https://open.spotify.com/artist/4MzJMcHQBl9SIYSjwWn8QW'}, 'href': 'https://api.spotify.com/v1/artists/4MzJMcHQBl9SIYSjwWn8QW', 'id': '4MzJMcHQBl9SIYSjwWn8QW', 'name': 'Spiritbox', 'type': 'artist', 'uri': 'spotify:artist:4MzJMcHQBl9SIYSjwWn8QW'}], 'external_urls': {'spotify': 'https://open.spotify.com/album/28sBiYcFfkpAldZodapMyU'}, 'total_tracks': 2}","[{'external_urls': {'spotify': 'https://open.spotify.com/artist/4MzJMcHQBl9SIYSjwWn8QW'}, 'href': 'https://api.spotify.com/v1/artists/4MzJMcHQBl9SIYSjwWn8QW', 'id': '4MzJMcHQBl9SIYSjwWn8QW', 'name': 'Spiritbox', 'type': 'artist', 'uri': 'spotify:artist:4MzJMcHQBl9SIYSjwWn8QW'}]",1,1,262631,{'isrc': 'QMRSZ2301310'},{'spotify': 'https://open.spotify.com/track/6IdyYbGg1jxiWhfwm2Ykjn'},https://api.spotify.com/v1/tracks/6IdyYbGg1jxiWhfwm2Ykjn,6IdyYbGg1jxiWhfwm2Ykjn,Jaded,spotify:track:6IdyYbGg1jxiWhfwm2Ykjn,False
29,True,False,track,False,True,"{'is_playable': True, 'type': 'album', 'album_type': 'album', 'href': 'https://api.spotify.com/v1/albums/4OXoBlapQygTdzAifJm8BL', 'id': '4OXoBlapQygTdzAifJm8BL', 'images': [{'height': 640, 'url': 'https://i.scdn.co/image/ab67616d0000b2733e234c82f96fa4ded8e5ca47', 'width': 640}, {'height': 300, 'url': 'https://i.scdn.co/image/ab67616d00001e023e234c82f96fa4ded8e5ca47', 'width': 300}, {'height': 64, 'url': 'https://i.scdn.co/image/ab67616d000048513e234c82f96fa4ded8e5ca47', 'width': 64}], 'name': 'Eternal Blue', 'release_date': '2021-09-17', 'release_date_precision': 'day', 'uri': 'spotify:album:4OXoBlapQygTdzAifJm8BL', 'artists': [{'external_urls': {'spotify': 'https://open.spotify.com/artist/4MzJMcHQBl9SIYSjwWn8QW'}, 'href': 'https://api.spotify.com/v1/artists/4MzJMcHQBl9SIYSjwWn8QW', 'id': '4MzJMcHQBl9SIYSjwWn8QW', 'name': 'Spiritbox', 'type': 'artist', 'uri': 'spotify:artist:4MzJMcHQBl9SIYSjwWn8QW'}], 'external_urls': {'spotify': 'https://open.spotify.com/album/4OXoBlapQygTdzAifJm8BL'}, 'total_tracks': 12}","[{'external_urls': {'spotify': 'https://open.spotify.com/artist/4MzJMcHQBl9SIYSjwWn8QW'}, 'href': 'https://api.spotify.com/v1/artists/4MzJMcHQBl9SIYSjwWn8QW', 'id': '4MzJMcHQBl9SIYSjwWn8QW', 'name': 'Spiritbox', 'type': 'artist', 'uri': 'spotify:artist:4MzJMcHQBl9SIYSjwWn8QW'}, {'external_urls': {'spotify': 'https://open.spotify.com/artist/1uPi1JTam729B87k1h5q0o'}, 'href': 'https://api.spotify.com/v1/artists/1uPi1JTam729B87k1h5q0o', 'id': '1uPi1JTam729B87k1h5q0o', 'name': 'Sam Carter', 'type': 'artist', 'uri': 'spotify:artist:1uPi1JTam729B87k1h5q0o'}]",1,3,198067,{'isrc': 'QMRSZ2100656'},{'spotify': 'https://open.spotify.com/track/3zQy3N1K8Mk5QknfFuVGNc'},https://api.spotify.com/v1/tracks/3zQy3N1K8Mk5QknfFuVGNc,3zQy3N1K8Mk5QknfFuVGNc,Yellowjacket - feat. Sam Carter,spotify:track:3zQy3N1K8Mk5QknfFuVGNc,False
30,True,False,track,False,True,"{'is_playable': True, 'type': 'album', 'album_type': 'album', 'href': 'https://api.spotify.com/v1/albums/1WEfOTItaPIa0dVxxLJqlI', 'id': '1WEfOTItaPIa0dVxxLJqlI', 'images': [{'height': 640, 'url': 'https://i.scdn.co/image/ab67616d0000b27355b6004bb4bf60eab74221c8', 'width': 640}, {'height': 300, 'url': 'https://i.scdn.co/image/ab67616d00001e0255b6004bb4bf60eab74221c8', 'width': 300}, {'height': 64, 'url': 'https://i.scdn.co/image/ab67616d0000485155b6004bb4bf60eab74221c8', 'width': 64}], 'name': 'Nine Lives', 'release_date': '1997-03-18', 'release_date_precision': 'day', 'uri': 'spotify:album:1WEfOTItaPIa0dVxxLJqlI', 'artists': [{'external_urls': {'spotify': 'https://open.spotify.com/artist/7Ey4PD4MYsKc5I2dolUwbH'}, 'href': 'https://api.spotify.com/v1/artists/7Ey4PD4MYsKc5I2dolUwbH', 'id': '7Ey4PD4MYsKc5I2dolUwbH', 'name': 'Aerosmith', 'type': 'artist', 'uri': 'spotify:artist:7Ey4PD4MYsKc5I2dolUwbH'}], 'external_urls': {'spotify': 'https://open.spotify.com/album/1WEfOTItaPIa0dVxxLJqlI'}, 'total_tracks': 13}","[{'external_urls': {'spotify': 'https://open.spotify.com/artist/7Ey4PD4MYsKc5I2dolUwbH'}, 'href': 'https://api.spotify.com/v1/artists/7Ey4PD4MYsKc5I2dolUwbH', 'id': '7Ey4PD4MYsKc5I2dolUwbH', 'name': 'Aerosmith', 'type': 'artist', 'uri': 'spotify:artist:7Ey4PD4MYsKc5I2dolUwbH'}]",1,11,235473,{'isrc': 'USSM19604431'},{'spotify': 'https://open.spotify.com/track/0Xl2pAlIRE6ANULPdEI7fx'},https://api.spotify.com/v1/tracks/0Xl2pAlIRE6ANULPdEI7fx,0Xl2pAlIRE6ANULPdEI7fx,Pink,spotify:track:0Xl2pAlIRE6ANULPdEI7fx,False
31,True,False,track,False,True,"{'is_playable': True, 'type': 'album', 'album_type': 'album', 'href': 'https://api.spotify.com/v1/albums/4w3NeXtywU398NYW4903rY', 'id': '4w3NeXtywU398NYW4903rY', 'images': [{'height': 640, 'url': 'https://i.scdn.co/image/ab67616d0000b2739eec33b045d88f87b9b06e67', 'width': 640}, {'height': 300, 'url': 'https://i.scdn.co/image/ab67616d00001e029eec33b045d88f87b9b06e67', 'width': 300}, {'height': 64, 'url': 'https://i.scdn.co/image/ab67616d000048519eec33b045d88f87b9b06e67', 'width': 64}], 'name': 'Songs For The Deaf', 'release_date': '2002-01-01', 'release_date_precision': 'day', 'uri': 'spotify:album:4w3NeXtywU398NYW4903rY', 'artists': [{'external_urls': {'spotify': 'https://open.spotify.com/artist/4pejUc4iciQfgdX6OKulQn'}, 'href': 'https://api.spotify.com/v1/artists/4pejUc4iciQfgdX6OKulQn', 'id': '4pejUc4iciQfgdX6OKulQn', 'name': 'Queens of the Stone Age', 'type': 'artist', 'uri': 'spotify:artist:4pejUc4iciQfgdX6OKulQn'}], 'external_urls': {'spotify': 'https://open.spotify.com/album/4w3NeXtywU398NYW4903rY'}, 'total_tracks': 16}","[{'external_urls': {'spotify': 'https://open.spotify.com/artist/4pejUc4iciQfgdX6OKulQn'}, 'href': 'https://api.spotify.com/v1/artists/4pejUc4iciQfgdX6OKulQn', 'id': '4pejUc4iciQfgdX6OKulQn', 'name': 'Queens of the Stone Age', 'type': 'artist', 'uri': 'spotify:artist:4pejUc4iciQfgdX6OKulQn'}]",1,2,278746,{'isrc': 'USIR10211291'},{'spotify': 'https://open.spotify.com/track/6y20BV5L33R8YXM0YuI38N'},https://api.spotify.com/v1/tracks/6y20BV5L33R8YXM0YuI38N,6y20BV5L33R8YXM0YuI38N,No One Knows,spotify:track:6y20BV5L33R8YXM0YuI38N,False
32,True,False,track,False,True,"{'is_playable': True, 'type': 'album', 'album_type': 'album', 'href': 'https://api.spotify.com/v1/albums/46gHYWaRr052RGEiL5Dg7T', 'id': '46gHYWaRr052RGEiL5Dg7T', 'images': [{'height': 640, 'url': 'https://i.scdn.co/image/ab67616d0000b273a48447e72e8c507054c2ec2e', 'width': 640}, {'height': 300, 'url': 'https://i.scdn.co/image/ab67616d00001e02a48447e72e8c507054c2ec2e', 'width': 300}, {'height': 64, 'url': 'https://i.scdn.co/image/ab67616d00004851a48447e72e8c507054c2ec2e', 'width': 64}], 'name': 'Heaven & Hell', 'release_date': '1980-04-25', 'release_date_precision': 'day', 'uri': 'spotify:album:46gHYWaRr052RGEiL5Dg7T', 'artists': [{'external_urls': {'spotify': 'https://open.spotify.com/artist/5M52tdBnJaKSvOpJGz8mfZ'}, 'href': 'https://api.spotify.com/v1/artists/5M52tdBnJaKSvOpJGz8mfZ', 'id': '5M52tdBnJaKSvOpJGz8mfZ', 'name': 'Black Sabbath', 'type': 'artist', 'uri': 'spotify:artist:5M52tdBnJaKSvOpJGz8mfZ'}], 'external_urls': {'spotify': 'https://open.spotify.com/album/46gHYWaRr052RGEiL5Dg7T'}, 'total_tracks': 8}","[{'external_urls': {'spotify': 'https://open.spotify.com/artist/5M52tdBnJaKSvOpJGz8mfZ'}, 'href': 'https://api.spotify.com/v1/artists/5M52tdBnJaKSvOpJGz8mfZ', 'id': '5M52tdBnJaKSvOpJGz8mfZ', 'name': 'Black Sabbath', 'type': 'artist', 'uri': 'spotify:artist:5M52tdBnJaKSvOpJGz8mfZ'}]",1,4,417840,{'isrc': 'GBUM70900392'},{'spotify': 'https://open.spotify.com/track/5qxN63QA4Hk1zgdLCsZFE2'},https://api.spotify.com/v1/tracks/5qxN63QA4Hk1zgdLCsZFE2,5qxN63QA4Hk1zgdLCsZFE2,Heaven and Hell,spotify:track:5qxN63QA4Hk1zgdLCsZFE2,False
33,True,False,track,False,True,"{'is_playable': True, 'type': 'album', 'album_type': 'album', 'href': 'https://api.spotify.com/v1/albums/2i6nd4FV6y7K9fln6eelmR', 'id': '2i6nd4FV6y7K9fln6eelmR', 'images': [{'height': 640, 'url': 'https://i.scdn.co/image/ab67616d0000b27374fad40214d982351347e46e', 'width': 640}, {'height': 300, 'url': 'https://i.scdn.co/image/ab67616d00001e0274fad40214d982351347e46e', 'width': 300}, {'height': 64, 'url': 'https://i.scdn.co/image/ab67616d0000485174fad40214d982351347e46e', 'width': 64}], 'name': 'Make Yourself', 'release_date': '1999-10-26', 'release_date_precision': 'day', 'uri': 'spotify:album:2i6nd4FV6y7K9fln6eelmR', 'artists': [{'external_urls': {'spotify': 'https://open.spotify.com/artist/3YcBF2ttyueytpXtEzn1Za'}, 'href': 'https://api.spotify.com/v1/artists/3YcBF2ttyueytpXtEzn1Za', 'id': '3YcBF2ttyueytpXtEzn1Za', 'name': 'Incubus', 'type': 'artist', 'uri': 'spotify:artist:3YcBF2ttyueytpXtEzn1Za'}], 'external_urls': {'spotify': 'https://open.spotify.com/album/2i6nd4FV6y7K9fln6eelmR'}, 'total_tracks': 13}","[{'external_urls': {'spotify': 'https://open.spotify.com/artist/3YcBF2ttyueytpXtEzn1Za'}, 'href': 'https://api.spotify.com/v1/artists/3YcBF2ttyueytpXtEzn1Za', 'id': '3YcBF2ttyueytpXtEzn1Za', 'name': 'Incubus', 'type': 'artist', 'uri': 'spotify:artist:3YcBF2ttyueytpXtEzn1Za'}]",1,8,232453,{'isrc': 'USSM19911007'},{'spotify': 'https://open.spotify.com/track/7nnWIPM5hwE3DaUBkvOIpy'},https://api.spotify.com/v1/tracks/7nnWIPM5hwE3DaUBkvOIpy,7nnWIPM5hwE3DaUBkvOIpy,Drive,spotify:track:7nnWIPM5hwE3DaUBkvOIpy,False
34,True,True,track,False,True,"{'is_playable': True, 'type': 'album', 'album_type': 'album', 'href': 'https://api.spotify.com/v1/albums/0e1WaSNDZnoPixaxDNdWo4', 'id': '0e1WaSNDZnoPixaxDNdWo4', 'images': [{'height': 640, 'url': 'https://i.scdn.co/image/ab67616d0000b2735149c948fde506624246a684', 'width': 640}, {'height': 300, 'url': 'https://i.scdn.co/image/ab67616d00001e025149c948fde506624246a684', 'width': 300}, {'height': 64, 'url': 'https://i.scdn.co/image/ab67616d000048515149c948fde506624246a684', 'width': 64}], 'name': 'POST HUMAN: SURVIVAL HORROR', 'release_date': '2020-10-30', 'release_date_precision': 'day', 'uri': 'spotify:album:0e1WaSNDZnoPixaxDNdWo4', 'artists': [{'external_urls': {'spotify': 'https://open.spotify.com/artist/1Ffb6ejR6Fe5IamqA5oRUF'}, 'href': 'https://api.spotify.com/v1/artists/1Ffb6ejR6Fe5IamqA5oRUF', 'id': '1Ffb6ejR6Fe5IamqA5oRUF', 'name': 'Bring Me The Horizon', 'type': 'artist', 'uri': 'spotify:artist:1Ffb6ejR6Fe5IamqA5oRUF'}], 'external_urls': {'spotify': 'https://open.spotify.com/album/0e1WaSNDZnoPixaxDNdWo4'}, 'total_tracks': 9}","[{'external_urls': {'spotify': 'https://open.spotify.com/artist/1Ffb6ejR6Fe5IamqA5oRUF'}, 'href': 'https://api.spotify.com/v1/artists/1Ffb6ejR6Fe5IamqA5oRUF', 'id': '1Ffb6ejR6Fe5IamqA5oRUF', 'name': 'Bring Me The Horizon', 'type': 'artist', 'uri': 'spotify:artist:1Ffb6ejR6Fe5IamqA5oRUF'}]",1,2,291812,{'isrc': 'GBARL2000489'},{'spotify': 'https://open.spotify.com/track/36xBFaVGjqm7le8CTHytUj'},https://api.spotify.com/v1/tracks/36xBFaVGjqm7le8CTHytUj,36xBFaVGjqm7le8CTHytUj,Parasite Eve,spotify:track:36xBFaVGjqm7le8CTHytUj,False
35,True,False,track,False,True,"{'is_playable': True, 'type': 'album', 'album_type': 'album', 'href': 'https://api.spotify.com/v1/albums/5WwXMygJ3dQXk3S6mDDfCH', 'id': '5WwXMygJ3dQXk3S6mDDfCH', 'images': [{'height': 640, 'url': 'https://i.scdn.co/image/ab67616d0000b27358f4ef37dc0cdb68f858808d', 'width': 640}, {'height': 300, 'url': 'https://i.scdn.co/image/ab67616d00001e0258f4ef37dc0cdb68f858808d', 'width': 300}, {'height': 64, 'url': 'https://i.scdn.co/image/ab67616d0000485158f4ef37dc0cdb68f858808d', 'width': 64}], 'name': 'Light Grenades', 'release_date': '2006-11-28', 'release_date_precision': 'day', 'uri': 'spotify:album:5WwXMygJ3dQXk3S6mDDfCH', 'artists': [{'external_urls': {'spotify': 'https://open.spotify.com/artist/3YcBF2ttyueytpXtEzn1Za'}, 'href': 'https://api.spotify.com/v1/artists/3YcBF2ttyueytpXtEzn1Za', 'id': '3YcBF2ttyueytpXtEzn1Za', 'name': 'Incubus', 'type': 'artist', 'uri': 'spotify:artist:3YcBF2ttyueytpXtEzn1Za'}], 'external_urls': {'spotify': 'https://open.spotify.com/album/5WwXMygJ3dQXk3S6mDDfCH'}, 'total_tracks': 13}","[{'external_urls': {'spotify': 'https://open.spotify.com/artist/3YcBF2ttyueytpXtEzn1Za'}, 'href': 'https://api.spotify.com/v1/artists/3YcBF2ttyueytpXtEzn1Za', 'id': '3YcBF2ttyueytpXtEzn1Za', 'name': 'Incubus', 'type': 'artist', 'uri': 'spotify:artist:3YcBF2ttyueytpXtEzn1Za'}]",1,4,225880,{'isrc': 'USSM10604652'},{'spotify': 'https://open.spotify.com/track/0uLhNT7UIH3nZCCDZd3OBl'},https://api.spotify.com/v1/tracks/0uLhNT7UIH3nZCCDZd3OBl,0uLhNT7UIH3nZCCDZd3OBl,Anna Molly,spotify:track:0uLhNT7UIH3nZCCDZd3OBl,False
36,True,True,track,False,True,"{'is_playable': True, 'type': 'album', 'album_type': 'album', 'href': 'https://api.spotify.com/v1/albums/5I7lLu8xXJfGRdFUqHaLQU', 'id': '5I7lLu8xXJfGRdFUqHaLQU', 'images': [{'height': 640, 'url': 'https://i.scdn.co/image/ab67616d0000b2734078c255069c0e7a2553fa4a', 'width': 640}, {'height': 300, 'url': 'https://i.scdn.co/image/ab67616d00001e024078c255069c0e7a2553fa4a', 'width': 300}, {'height': 64, 'url': 'https://i.scdn.co/image/ab67616d000048514078c255069c0e7a2553fa4a', 'width': 64}], 'name': 'The Downward Spiral (Deluxe Edition)', 'release_date': '1994-03-08', 'release_date_precision': 'day', 'uri': 'spotify:album:5I7lLu8xXJfGRdFUqHaLQU', 'artists': [{'external_urls': {'spotify': 'https://open.spotify.com/artist/0X380XXQSNBYuleKzav5UO'}, 'href': 'https://api.spotify.com/v1/artists/0X380XXQSNBYuleKzav5UO', 'id': '0X380XXQSNBYuleKzav5UO', 'name': 'Nine Inch Nails', 'type': 'artist', 'uri': 'spotify:artist:0X380XXQSNBYuleKzav5UO'}], 'external_urls': {'spotify': 'https://open.spotify.com/album/5I7lLu8xXJfGRdFUqHaLQU'}, 'total_tracks': 27}","[{'external_urls': {'spotify': 'https://open.spotify.com/artist/0X380XXQSNBYuleKzav5UO'}, 'href': 'https://api.spotify.com/v1/artists/0X380XXQSNBYuleKzav5UO', 'id': '0X380XXQSNBYuleKzav5UO', 'name': 'Nine Inch Nails', 'type': 'artist', 'uri': 'spotify:artist:0X380XXQSNBYuleKzav5UO'}]",1,5,373306,{'isrc': 'USIR19400529'},{'spotify': 'https://open.spotify.com/track/5mc6EyF1OIEOhAkD0Gg9Lc'},https://api.spotify.com/v1/tracks/5mc6EyF1OIEOhAkD0Gg9Lc,5mc6EyF1OIEOhAkD0Gg9Lc,Closer,spotify:track:5mc6EyF1OIEOhAkD0Gg9Lc,False
37,True,False,track,False,True,"{'is_playable': True, 'type': 'album', 'album_type': 'single', 'href': 'https://api.spotify.com/v1/albums/0ZauJNaozUOLRC4kaaWzP5', 'id': '0ZauJNaozUOLRC4kaaWzP5', 'images': [{'height': 640, 'url': 'https://i.scdn.co/image/ab67616d0000b27392c5e8a8d42846709684be96', 'width': 640}, {'height': 300, 'url': 'https://i.scdn.co/image/ab67616d00001e0292c5e8a8d42846709684be96', 'width': 300}, {'height': 64, 'url': 'https://i.scdn.co/image/ab67616d0000485192c5e8a8d42846709684be96', 'width': 64}], 'name': 'Blessed Be', 'release_date': '2020-02-28', 'release_date_precision': 'day', 'uri': 'spotify:album:0ZauJNaozUOLRC4kaaWzP5', 'artists': [{'external_urls': {'spotify': 'https://open.spotify.com/artist/4MzJMcHQBl9SIYSjwWn8QW'}, 'href': 'https://api.spotify.com/v1/artists/4MzJMcHQBl9SIYSjwWn8QW', 'id': '4MzJMcHQBl9SIYSjwWn8QW', 'name': 'Spiritbox', 'type': 'artist', 'uri': 'spotify:artist:4MzJMcHQBl9SIYSjwWn8QW'}], 'external_urls': {'spotify': 'https://open.spotify.com/album/0ZauJNaozUOLRC4kaaWzP5'}, 'total_tracks': 1}","[{'external_urls': {'spotify': 'https://open.spotify.com/artist/4MzJMcHQBl9SIYSjwWn8QW'}, 'href': 'https://api.spotify.com/v1/artists/4MzJMcHQBl9SIYSjwWn8QW', 'id': '4MzJMcHQBl9SIYSjwWn8QW', 'name': 'Spiritbox', 'type': 'artist', 'uri': 'spotify:artist:4MzJMcHQBl9SIYSjwWn8QW'}]",1,1,245830,{'isrc': 'QM4TW2067565'},{'spotify': 'https://open.spotify.com/track/6EJwjtqOu69c0NRAk4RRcA'},https://api.spotify.com/v1/tracks/6EJwjtqOu69c0NRAk4RRcA,6EJwjtqOu69c0NRAk4RRcA,Blessed Be,spotify:track:6EJwjtqOu69c0NRAk4RRcA,False
38,True,True,track,False,True,"{'is_playable': True, 'type': 'album', 'album_type': 'single', 'href': 'https://api.spotify.com/v1/albums/1II7VOGQ8g5fHv9Cqa59VD', 'id': '1II7VOGQ8g5fHv9Cqa59VD', 'images': [{'height': 640, 'url': 'https://i.scdn.co/image/ab67616d0000b273db02d0739a40a6e5b75d4161', 'width': 640}, {'height': 300, 'url': 'https://i.scdn.co/image/ab67616d00001e02db02d0739a40a6e5b75d4161', 'width': 300}, {'height': 64, 'url': 'https://i.scdn.co/image/ab67616d00004851db02d0739a40a6e5b75d4161', 'width': 64}], 'name': 'My Blood On Your Hands', 'release_date': '2024-11-07', 'release_date_precision': 'day', 'uri': 'spotify:album:1II7VOGQ8g5fHv9Cqa59VD', 'artists': [{'external_urls': {'spotify': 'https://open.spotify.com/artist/467M2s2YxXdlL2ZpDUNL3A'}, 'href': 'https://api.spotify.com/v1/artists/467M2s2YxXdlL2ZpDUNL3A', 'id': '467M2s2YxXdlL2ZpDUNL3A', 'name': 'Paleface Swiss', 'type': 'artist', 'uri': 'spotify:artist:467M2s2YxXdlL2ZpDUNL3A'}], 'external_urls': {'spotify': 'https://open.spotify.com/album/1II7VOGQ8g5fHv9Cqa59VD'}, 'total_tracks': 1}","[{'external_urls': {'spotify': 'https://open.spotify.com/artist/467M2s2YxXdlL2ZpDUNL3A'}, 'href': 'https://api.spotify.com/v1/artists/467M2s2YxXdlL2ZpDUNL3A', 'id': '467M2s2YxXdlL2ZpDUNL3A', 'name': 'Paleface Swiss', 'type': 'artist', 'uri': 'spotify:artist:467M2s2YxXdlL2ZpDUNL3A'}]",1,1,100430,{'isrc': 'DGA082463573'},{'spotify': 'https://open.spotify.com/track/2gU9kJyilPyNg9V63tr40l'},https://api.spotify.com/v1/tracks/2gU9kJyilPyNg9V63tr40l,2gU9kJyilPyNg9V63tr40l,My Blood On Your Hands,spotify:track:2gU9kJyilPyNg9V63tr40l,False
39,True,False,track,False,True,"{'is_playable': True, 'type': 'album', 'album_type': 'single', 'href': 'https://api.spotify.com/v1/albums/4kksZlvAqineklmhltdTFe', 'id': '4kksZlvAqineklmhltdTFe', 'images': [{'height': 640, 'url': 'https://i.scdn.co/image/ab67616d0000b273e2941b3f9410960c34033cda', 'width': 640}, {'height': 300, 'url': 'https://i.scdn.co/image/ab67616d00001e02e2941b3f9410960c34033cda', 'width': 300}, {'height': 64, 'url': 'https://i.scdn.co/image/ab67616d00004851e2941b3f9410960c34033cda', 'width': 64}], 'name': 'Two Faced', 'release_date': '2024-11-13', 'release_date_precision': 'day', 'uri': 'spotify:album:4kksZlvAqineklmhltdTFe', 'artists': [{'external_urls': {'spotify': 'https://open.spotify.com/artist/6XyY86QOPPrYVGvF9ch6wz'}, 'href': 'https://api.spotify.com/v1/artists/6XyY86QOPPrYVGvF9ch6wz', 'id': '6XyY86QOPPrYVGvF9ch6wz', 'name': 'Linkin Park', 'type': 'artist', 'uri': 'spotify:artist:6XyY86QOPPrYVGvF9ch6wz'}], 'external_urls': {'spotify': 'https://open.spotify.com/album/4kksZlvAqineklmhltdTFe'}, 'total_tracks': 1}","[{'external_urls': {'spotify': 'https://open.spotify.com/artist/6XyY86QOPPrYVGvF9ch6wz'}, 'href': 'https://api.spotify.com/v1/artists/6XyY86QOPPrYVGvF9ch6wz', 'id': '6XyY86QOPPrYVGvF9ch6wz', 'name': 'Linkin Park', 'type': 'artist', 'uri': 'spotify:artist:6XyY86QOPPrYVGvF9ch6wz'}]",1,1,183584,{'isrc': 'USWB12403470'},{'spotify': 'https://open.spotify.com/track/5Hh2VJj7bOWGsN0Jw6smwt'},https://api.spotify.com/v1/tracks/5Hh2VJj7bOWGsN0Jw6smwt,5Hh2VJj7bOWGsN0Jw6smwt,Two Faced,spotify:track:5Hh2VJj7bOWGsN0Jw6smwt,False
40,True,False,track,False,True,"{'is_playable': True, 'type': 'album', 'album_type': 'single', 'href': 'https://api.spotify.com/v1/albums/2qyxvqq9X7ncfHNdZajbPC', 'id': '2qyxvqq9X7ncfHNdZajbPC', 'images': [{'height': 640, 'url': 'https://i.scdn.co/image/ab67616d0000b27365b717e1c0265bd1e629eaa6', 'width': 640}, {'height': 300, 'url': 'https://i.scdn.co/image/ab67616d00001e0265b717e1c0265bd1e629eaa6', 'width': 300}, {'height': 64, 'url': 'https://i.scdn.co/image/ab67616d0000485165b717e1c0265bd1e629eaa6', 'width': 64}], 'name': 'Singles Collection', 'release_date': '2019-06-14', 'release_date_precision': 'day', 'uri': 'spotify:album:2qyxvqq9X7ncfHNdZajbPC', 'artists': [{'external_urls': {'spotify': 'https://open.spotify.com/artist/4MzJMcHQBl9SIYSjwWn8QW'}, 'href': 'https://api.spotify.com/v1/artists/4MzJMcHQBl9SIYSjwWn8QW', 'id': '4MzJMcHQBl9SIYSjwWn8QW', 'name': 'Spiritbox', 'type': 'artist', 'uri': 'spotify:artist:4MzJMcHQBl9SIYSjwWn8QW'}], 'external_urls': {'spotify': 'https://open.spotify.com/album/2qyxvqq9X7ncfHNdZajbPC'}, 'total_tracks': 5}","[{'external_urls': {'spotify': 'https://open.spotify.com/artist/4MzJMcHQBl9SIYSjwWn8QW'}, 'href': 'https://api.spotify.com/v1/artists/4MzJMcHQBl9SIYSjwWn8QW', 'id': '4MzJMcHQBl9SIYSjwWn8QW', 'name': 'Spiritbox', 'type': 'artist', 'uri': 'spotify:artist:4MzJMcHQBl9SIYSjwWn8QW'}]",1,2,323082,{'isrc': 'QM6N21876132'},{'spotify': 'https://open.spotify.com/track/0ADnhZNVVnSApQStXz2XxK'},https://api.spotify.com/v1/tracks/0ADnhZNVVnSApQStXz2XxK,0ADnhZNVVnSApQStXz2XxK,Electric Cross,spotify:track:0ADnhZNVVnSApQStXz2XxK,False
41,True,False,track,False,True,"{'is_playable': True, 'type': 'album', 'album_type': 'album', 'href': 'https://api.spotify.com/v1/albums/4syhGzikXsrKqlOUA9s9ld', 'id': '4syhGzikXsrKqlOUA9s9ld', 'images': [{'height': 640, 'url': 'https://i.scdn.co/image/ab67616d0000b2735e880f3245d99ba61c456012', 'width': 640}, {'height': 300, 'url': 'https://i.scdn.co/image/ab67616d00001e025e880f3245d99ba61c456012', 'width': 300}, {'height': 64, 'url': 'https://i.scdn.co/image/ab67616d000048515e880f3245d99ba61c456012', 'width': 64}], 'name': 'CONCRETE JUNGLE [THE OST]', 'release_date': '2024-05-31', 'release_date_precision': 'day', 'uri': 'spotify:album:4syhGzikXsrKqlOUA9s9ld', 'artists': [{'external_urls': {'spotify': 'https://open.spotify.com/artist/3Ri4H12KFyu98LMjSoij5V'}, 'href': 'https://api.spotify.com/v1/artists/3Ri4H12KFyu98LMjSoij5V', 'id': '3Ri4H12KFyu98LMjSoij5V', 'name': 'Bad Omens', 'type': 'artist', 'uri': 'spotify:artist:3Ri4H12KFyu98LMjSoij5V'}], 'external_urls': {'spotify': 'https://open.spotify.com/album/4syhGzikXsrKqlOUA9s9ld'}, 'total_tracks': 26}","[{'external_urls': {'spotify': 'https://open.spotify.com/artist/3Ri4H12KFyu98LMjSoij5V'}, 'href': 'https://api.spotify.com/v1/artists/3Ri4H12KFyu98LMjSoij5V', 'id': '3Ri4H12KFyu98LMjSoij5V', 'name': 'Bad Omens', 'type': 'artist', 'uri': 'spotify:artist:3Ri4H12KFyu98LMjSoij5V'}, {'external_urls': {'spotify': 'https://open.spotify.com/artist/5mlbvTfWUOfDrUIK6dkNzv'}, 'href': 'https://api.spotify.com/v1/artists/5mlbvTfWUOfDrUIK6dkNzv', 'id': '5mlbvTfWUOfDrUIK6dkNzv', 'name': 'Poppy', 'type': 'artist', 'uri': 'spotify:artist:5mlbvTfWUOfDrUIK6dkNzv'}]",1,2,274098,{'isrc': 'USYFZ2399601'},{'spotify': 'https://open.spotify.com/track/2WtFbotxC95UD2r1RzE036'},https://api.spotify.com/v1/tracks/2WtFbotxC95UD2r1RzE036,2WtFbotxC95UD2r1RzE036,V.A.N,spotify:track:2WtFbotxC95UD2r1RzE036,False
42,True,False,track,False,True,"{'is_playable': True, 'type': 'album', 'album_type': 'single', 'href': 'https://api.spotify.com/v1/albums/2huwmaMhyYCP9EbUhsL4RY', 'id': '2huwmaMhyYCP9EbUhsL4RY', 'images': [{'height': 640, 'url': 'https://i.scdn.co/image/ab67616d0000b273a694125ba38cd1990e4ae22f', 'width': 640}, {'height': 300, 'url': 'https://i.scdn.co/image/ab67616d00001e02a694125ba38cd1990e4ae22f', 'width': 300}, {'height': 64, 'url': 'https://i.scdn.co/image/ab67616d00004851a694125ba38cd1990e4ae22f', 'width': 64}], 'name': 'The Black Road', 'release_date': '2023-07-28', 'release_date_precision': 'day', 'uri': 'spotify:album:2huwmaMhyYCP9EbUhsL4RY', 'artists': [{'external_urls': {'spotify': 'https://open.spotify.com/artist/53Hm23U3dtaHeB5Oy6GbaS'}, 'href': 'https://api.spotify.com/v1/artists/53Hm23U3dtaHeB5Oy6GbaS', 'id': '53Hm23U3dtaHeB5Oy6GbaS', 'name': 'Return to Dust', 'type': 'artist', 'uri': 'spotify:artist:53Hm23U3dtaHeB5Oy6GbaS'}], 'external_urls': {'spotify': 'https://open.spotify.com/album/2huwmaMhyYCP9EbUhsL4RY'}, 'total_tracks': 5}","[{'external_urls': {'spotify': 'https://open.spotify.com/artist/53Hm23U3dtaHeB5Oy6GbaS'}, 'href': 'https://api.spotify.com/v1/artists/53Hm23U3dtaHeB5Oy6GbaS', 'id': '53Hm23U3dtaHeB5Oy6GbaS', 'name': 'Return to Dust', 'type': 'artist', 'uri': 'spotify:artist:53Hm23U3dtaHeB5Oy6GbaS'}]",1,2,201928,{'isrc': 'QZQAY2352802'},{'spotify': 'https://open.spotify.com/track/1cOVUfTywcWYUBPtzpaIDB'},https://api.spotify.com/v1/tracks/1cOVUfTywcWYUBPtzpaIDB,1cOVUfTywcWYUBPtzpaIDB,Belly Up,spotify:track:1cOVUfTywcWYUBPtzpaIDB,False
43,True,False,track,False,True,"{'is_playable': True, 'type': 'album', 'album_type': 'album', 'href': 'https://api.spotify.com/v1/albums/7D7V6M05UIOTjLdqbwRX0w', 'id': '7D7V6M05UIOTjLdqbwRX0w', 'images': [{'height': 640, 'url': 'https://i.scdn.co/image/ab67616d0000b273422c622517ea0bd7eda33e08', 'width': 640}, {'height': 300, 'url': 'https://i.scdn.co/image/ab67616d00001e02422c622517ea0bd7eda33e08', 'width': 300}, {'height': 64, 'url': 'https://i.scdn.co/image/ab67616d00004851422c622517ea0bd7eda33e08', 'width': 64}], 'name': 'Magma', 'release_date': '2016-06-17', 'release_date_precision': 'day', 'uri': 'spotify:album:7D7V6M05UIOTjLdqbwRX0w', 'artists': [{'external_urls': {'spotify': 'https://open.spotify.com/artist/0GDGKpJFhVpcjIGF8N6Ewt'}, 'href': 'https://api.spotify.com/v1/artists/0GDGKpJFhVpcjIGF8N6Ewt', 'id': '0GDGKpJFhVpcjIGF8N6Ewt', 'name': 'Gojira', 'type': 'artist', 'uri': 'spotify:artist:0GDGKpJFhVpcjIGF8N6Ewt'}], 'external_urls': {'spotify': 'https://open.spotify.com/album/7D7V6M05UIOTjLdqbwRX0w'}, 'total_tracks': 10}","[{'external_urls': {'spotify': 'https://open.spotify.com/artist/0GDGKpJFhVpcjIGF8N6Ewt'}, 'href': 'https://api.spotify.com/v1/artists/0GDGKpJFhVpcjIGF8N6Ewt', 'id': '0GDGKpJFhVpcjIGF8N6Ewt', 'name': 'Gojira', 'type': 'artist', 'uri': 'spotify:artist:0GDGKpJFhVpcjIGF8N6Ewt'}]",1,4,269533,{'isrc': 'NLA321600033'},{'spotify': 'https://open.spotify.com/track/60fUDmIWuKhngaeBIVhqIV'},https://api.spotify.com/v1/tracks/60fUDmIWuKhngaeBIVhqIV,60fUDmIWuKhngaeBIVhqIV,Stranded,spotify:track:60fUDmIWuKhngaeBIVhqIV,False
44,True,False,track,False,True,"{'is_playable': True, 'type': 'album', 'album_type': 'album', 'href': 'https://api.spotify.com/v1/albums/7bS1WGyOPaE03hEBzwyZHm', 'id': '7bS1WGyOPaE03hEBzwyZHm', 'images': [{'height': 640, 'url': 'https://i.scdn.co/image/ab67616d0000b27358bba342cc60783fff648dc0', 'width': 640}, {'height': 300, 'url': 'https://i.scdn.co/image/ab67616d00001e0258bba342cc60783fff648dc0', 'width': 300}, {'height': 64, 'url': 'https://i.scdn.co/image/ab67616d0000485158bba342cc60783fff648dc0', 'width': 64}], 'name': 'Smile', 'release_date': '2023-08-04', 'release_date_precision': 'day', 'uri': 'spotify:album:7bS1WGyOPaE03hEBzwyZHm', 'artists': [{'external_urls': {'spotify': 'https://open.spotify.com/artist/3jTlKw98Ql1jGRPYqhqHap'}, 'href': 'https://api.spotify.com/v1/artists/3jTlKw98Ql1jGRPYqhqHap', 'id': '3jTlKw98Ql1jGRPYqhqHap', 'name': 'Skindred', 'type': 'artist', 'uri': 'spotify:artist:3jTlKw98Ql1jGRPYqhqHap'}], 'external_urls': {'spotify': 'https://open.spotify.com/album/7bS1WGyOPaE03hEBzwyZHm'}, 'total_tracks': 12}","[{'external_urls': {'spotify': 'https://open.spotify.com/artist/3jTlKw98Ql1jGRPYqhqHap'}, 'href': 'https://api.spotify.com/v1/artists/3jTlKw98Ql1jGRPYqhqHap', 'id': '3jTlKw98Ql1jGRPYqhqHap', 'name': 'Skindred', 'type': 'artist', 'uri': 'spotify:artist:3jTlKw98Ql1jGRPYqhqHap'}]",1,2,193853,{'isrc': 'GBBPB2205363'},{'spotify': 'https://open.spotify.com/track/5aZ9mfnT8jp3ZdrMQaF76j'},https://api.spotify.com/v1/tracks/5aZ9mfnT8jp3ZdrMQaF76j,5aZ9mfnT8jp3ZdrMQaF76j,Gimme That Boom,spotify:track:5aZ9mfnT8jp3ZdrMQaF76j,False
45,True,True,track,False,True,"{'is_playable': True, 'type': 'album', 'album_type': 'album', 'href': 'https://api.spotify.com/v1/albums/30YN03R4Bjl8Qwz8wPRoXG', 'id': '30YN03R4Bjl8Qwz8wPRoXG', 'images': [{'height': 640, 'url': 'https://i.scdn.co/image/ab67616d0000b273e0aa988082afc4ea586ab8dc', 'width': 640}, {'height': 300, 'url': 'https://i.scdn.co/image/ab67616d00001e02e0aa988082afc4ea586ab8dc', 'width': 300}, {'height': 64, 'url': 'https://i.scdn.co/image/ab67616d00004851e0aa988082afc4ea586ab8dc', 'width': 64}], 'name': 'Adrenaline', 'release_date': '1995', 'release_date_precision': 'year', 'uri': 'spotify:album:30YN03R4Bjl8Qwz8wPRoXG', 'artists': [{'external_urls': {'spotify': 'https://open.spotify.com/artist/6Ghvu1VvMGScGpOUJBAHNH'}, 'href': 'https://api.spotify.com/v1/artists/6Ghvu1VvMGScGpOUJBAHNH', 'id': '6Ghvu1VvMGScGpOUJBAHNH', 'name': 'Deftones', 'type': 'artist', 'uri': 'spotify:artist:6Ghvu1VvMGScGpOUJBAHNH'}], 'external_urls': {'spotify': 'https://open.spotify.com/album/30YN03R4Bjl8Qwz8wPRoXG'}, 'total_tracks': 11}","[{'external_urls': {'spotify': 'https://open.spotify.com/artist/6Ghvu1VvMGScGpOUJBAHNH'}, 'href': 'https://api.spotify.com/v1/artists/6Ghvu1VvMGScGpOUJBAHNH', 'id': '6Ghvu1VvMGScGpOUJBAHNH', 'name': 'Deftones', 'type': 'artist', 'uri': 'spotify:artist:6Ghvu1VvMGScGpOUJBAHNH'}]",1,7,223893,{'isrc': 'USMV20000029'},{'spotify': 'https://open.spotify.com/track/6DoXuH326aAYEN8CnlLmhP'},https://api.spotify.com/v1/tracks/6DoXuH326aAYEN8CnlLmhP,6DoXuH326aAYEN8CnlLmhP,7 Words,spotify:track:6DoXuH326aAYEN8CnlLmhP,False
46,True,True,track,False,True,"{'is_playable': True, 'type': 'album', 'album_type': 'album', 'href': 'https://api.spotify.com/v1/albums/0ApKaazNHf0gzjAYZauexq', 'id': '0ApKaazNHf0gzjAYZauexq', 'images': [{'height': 640, 'url': 'https://i.scdn.co/image/ab67616d0000b273eed722040c6810f7a7da93ea', 'width': 640}, {'height': 300, 'url': 'https://i.scdn.co/image/ab67616d00001e02eed722040c6810f7a7da93ea', 'width': 300}, {'height': 64, 'url': 'https://i.scdn.co/image/ab67616d00004851eed722040c6810f7a7da93ea', 'width': 64}], 'name': '.5: The Gray Chapter (Special Edition)', 'release_date': '2014-10-15', 'release_date_precision': 'day', 'uri': 'spotify:album:0ApKaazNHf0gzjAYZauexq', 'artists': [{'external_urls': {'spotify': 'https://open.spotify.com/artist/05fG473iIaoy82BF1aGhL8'}, 'href': 'https://api.spotify.com/v1/artists/05fG473iIaoy82BF1aGhL8', 'id': '05fG473iIaoy82BF1aGhL8', 'name': 'Slipknot', 'type': 'artist', 'uri': 'spotify:artist:05fG473iIaoy82BF1aGhL8'}], 'external_urls': {'spotify': 'https://open.spotify.com/album/0ApKaazNHf0gzjAYZauexq'}, 'total_tracks': 16}","[{'external_urls': {'spotify': 'https://open.spotify.com/artist/05fG473iIaoy82BF1aGhL8'}, 'href': 'https://api.spotify.com/v1/artists/05fG473iIaoy82BF1aGhL8', 'id': '05fG473iIaoy82BF1aGhL8', 'name': 'Slipknot', 'type': 'artist', 'uri': 'spotify:artist:05fG473iIaoy82BF1aGhL8'}]",1,5,225066,{'isrc': 'NLA321400352'},{'spotify': 'https://open.spotify.com/track/6AAZigYqOch79lKcrSBOv0'},https://api.spotify.com/v1/tracks/6AAZigYqOch79lKcrSBOv0,6AAZigYqOch79lKcrSBOv0,Killpop,spotify:track:6AAZigYqOch79lKcrSBOv0,False
47,True,False,track,False,True,"{'is_playable': True, 'type': 'album', 'album_type': 'single', 'href': 'https://api.spotify.com/v1/albums/3Ri7zFBo3zWabQvOVN1DXu', 'id': '3Ri7zFBo3zWabQvOVN1DXu', 'images': [{'height': 640, 'url': 'https://i.scdn.co/image/ab67616d0000b2735d2f378be5d973ad504456d7', 'width': 640}, {'height': 300, 'url': 'https://i.scdn.co/image/ab67616d00001e025d2f378be5d973ad504456d7', 'width': 300}, {'height': 64, 'url': 'https://i.scdn.co/image/ab67616d000048515d2f378be5d973ad504456d7', 'width': 64}], 'name': 'The Rumbling (TV Size)', 'release_date': '2022-01-10', 'release_date_precision': 'day', 'uri': 'spotify:album:3Ri7zFBo3zWabQvOVN1DXu', 'artists': [{'external_urls': {'spotify': 'https://open.spotify.com/artist/2BM933ADIluGGrPBOhPgIt'}, 'href': 'https://api.spotify.com/v1/artists/2BM933ADIluGGrPBOhPgIt', 'id': '2BM933ADIluGGrPBOhPgIt', 'name': 'SiM', 'type': 'artist', 'uri': 'spotify:artist:2BM933ADIluGGrPBOhPgIt'}], 'external_urls': {'spotify': 'https://open.spotify.com/album/3Ri7zFBo3zWabQvOVN1DXu'}, 'total_tracks': 1}","[{'external_urls': {'spotify': 'https://open.spotify.com/artist/2BM933ADIluGGrPBOhPgIt'}, 'href': 'https://api.spotify.com/v1/artists/2BM933ADIluGGrPBOhPgIt', 'id': '2BM933ADIluGGrPBOhPgIt', 'name': 'SiM', 'type': 'artist', 'uri': 'spotify:artist:2BM933ADIluGGrPBOhPgIt'}]",1,1,90265,{'isrc': 'JPPC02111706'},{'spotify': 'https://open.spotify.com/track/0KCSJzsQVxkloxoT7dyrqV'},https://api.spotify.com/v1/tracks/0KCSJzsQVxkloxoT7dyrqV,0KCSJzsQVxkloxoT7dyrqV,The Rumbling (TV Size),spotify:track:0KCSJzsQVxkloxoT7dyrqV,False
48,True,False,track,False,True,"{'is_playable': True, 'type': 'album', 'album_type': 'single', 'href': 'https://api.spotify.com/v1/albums/5NhiaFlFGgymG2rDNqAcm1', 'id': '5NhiaFlFGgymG2rDNqAcm1', 'images': [{'height': 640, 'url': 'https://i.scdn.co/image/ab67616d0000b273811ad026ea2061659268b964', 'width': 640}, {'height': 300, 'url': 'https://i.scdn.co/image/ab67616d00001e02811ad026ea2061659268b964', 'width': 300}, {'height': 64, 'url': 'https://i.scdn.co/image/ab67616d00004851811ad026ea2061659268b964', 'width': 64}], 'name': 'The Bela Session', 'release_date': '2018-11-23', 'release_date_precision': 'day', 'uri': 'spotify:album:5NhiaFlFGgymG2rDNqAcm1', 'artists': [{'external_urls': {'spotify': 'https://open.spotify.com/artist/5N5tQ9Dx1h8Od7aRmGj7Fi'}, 'href': 'https://api.spotify.com/v1/artists/5N5tQ9Dx1h8Od7aRmGj7Fi', 'id': '5N5tQ9Dx1h8Od7aRmGj7Fi', 'name': 'Bauhaus', 'type': 'artist', 'uri': 'spotify:artist:5N5tQ9Dx1h8Od7aRmGj7Fi'}], 'external_urls': {'spotify': 'https://open.spotify.com/album/5NhiaFlFGgymG2rDNqAcm1'}, 'total_tracks': 5}","[{'external_urls': {'spotify': 'https://open.spotify.com/artist/5N5tQ9Dx1h8Od7aRmGj7Fi'}, 'href': 'https://api.spotify.com/v1/artists/5N5tQ9Dx1h8Od7aRmGj7Fi', 'id': '5N5tQ9Dx1h8Od7aRmGj7Fi', 'name': 'Bauhaus', 'type': 'artist', 'uri': 'spotify:artist:5N5tQ9Dx1h8Od7aRmGj7Fi'}]",1,1,576703,{'isrc': 'QMHG41850001'},{'spotify': 'https://open.spotify.com/track/1wyVyr8OhYsC9l0WgPPbh8'},https://api.spotify.com/v1/tracks/1wyVyr8OhYsC9l0WgPPbh8,1wyVyr8OhYsC9l0WgPPbh8,Bela Lugosi's Dead (Official Version),spotify:track:1wyVyr8OhYsC9l0WgPPbh8,False
49,True,False,track,False,True,"{'is_playable': True, 'type': 'album', 'album_type': 'album', 'href': 'https://api.spotify.com/v1/albums/7xhudjssYTY8qRl1s9R3wu', 'id': '7xhudjssYTY8qRl1s9R3wu', 'images': [{'height': 640, 'url': 'https://i.scdn.co/image/ab67616d0000b27365dc417bbf89a70b03d5f90e', 'width': 640}, {'height': 300, 'url': 'https://i.scdn.co/image/ab67616d00001e0265dc417bbf89a70b03d5f90e', 'width': 300}, {'height': 64, 'url': 'https://i.scdn.co/image/ab67616d0000485165dc417bbf89a70b03d5f90e', 'width': 64}], 'name': 'Faceless', 'release_date': '2003-04-08', 'release_date_precision': 'day', 'uri': 'spotify:album:7xhudjssYTY8qRl1s9R3wu', 'artists': [{'external_urls': {'spotify': 'https://open.spotify.com/artist/6gZq1Q6bdOxsUPUG1TaFbF'}, 'href': 'https://api.spotify.com/v1/artists/6gZq1Q6bdOxsUPUG1TaFbF', 'id': '6gZq1Q6bdOxsUPUG1TaFbF', 'name': 'Godsmack', 'type': 'artist', 'uri': 'spotify:artist:6gZq1Q6bdOxsUPUG1TaFbF'}], 'external_urls': {'spotify': 'https://open.spotify.com/album/7xhudjssYTY8qRl1s9R3wu'}, 'total_tracks': 12}","[{'external_urls': {'spotify': 'https://open.spotify.com/artist/6gZq1Q6bdOxsUPUG1TaFbF'}, 'href': 'https://api.spotify.com/v1/artists/6gZq1Q6bdOxsUPUG1TaFbF', 'id': '6gZq1Q6bdOxsUPUG1TaFbF', 'name': 'Godsmack', 'type': 'artist', 'uri': 'spotify:artist:6gZq1Q6bdOxsUPUG1TaFbF'}]",1,5,246040,{'isrc': 'USUR10111257'},{'spotify': 'https://open.spotify.com/track/44NRdYQw7P0GWuiunRv3hr'},https://api.spotify.com/v1/tracks/44NRdYQw7P0GWuiunRv3hr,44NRdYQw7P0GWuiunRv3hr,I Stand Alone,spotify:track:44NRdYQw7P0GWuiunRv3hr,False
