track_id,track_name,artist_id,artist_name,duration_ms,popularity,explicit,genres,danceability,energy,acousticness,instrumentalness,liveness,speechiness,valence,tempo,key,loudness,time_signature
1vcxF91pWs9uNwDROuiCPB,Savior,6Wr3hh341P84m3EI8qdn9O,Rise Against,242280,0,False,[],,,,,,,,,,,
3FI0iAAAjmR31xpZEwbdys,Circle With Me,4MzJMcHQBl9SIYSjwWn8QW,Spiritbox,233880,0,False,[],,,,,,,,,,,
3fgehc497TFqKH1zBL2YNK,Heavy Is the Crown,6XyY86QOPPrYVGvF9ch6wz,Linkin Park,167012,0,False,[],,,,,,,,,,,
0xoyUiHhxVH4gwb0CRgNmg,Like A Villain,3Ri4H12KFyu98LMjSoij5V,Bad Omens,210685,0,True,[],,,,,,,,,,,
0S38Oso3I9vpDXcTb7kYt9,The Summoning,2n2RSaZqBuUUukhbLlpnE6,Sleep Token,395716,0,False,[],,,,,,,,,,,
0diSnstejl46AiNC2ISoeW,You Asked for It,1C62FV9Cltn9L4c9jAwCyk,Emmure,92266,0,False,[],,,,,,,,,,,
4L8rZacefAFsbYBI6iqQgz,Z,2SmW1lFlBJn4IfBzBZDlSh,The Warning,182617,0,False,[],,,,,,,,,,,
249Z7XT6mf8B2zuI0RaeS0,Violent Pornography,5eAWCfyUhZtHHtBdNk56l1,System Of A Down,211333,0,True,[],,,,,,,,,,,
1Vej0qeQ3ioKwpI6FUbRv1,Papercut,6XyY86QOPPrYVGvF9ch6wz,Linkin Park,184866,0,False,[],,,,,,,,,,,
0INUE1K7cEiE8VH63Rv5RJ,Happy?,2Pfv2w8a20xzC7Dr7QXRqM,Mudvayne,216426,0,True,[],,,,,,,,,,,
59WN2psjkt1tyaxjspN8fp,Killing In The Name,2d0hyoQ5ynDBnkvAbJKORj,Rage Against The Machine,313573,0,True,[],,,,,,,,,,,
3dxiWIBVJRlqh9xk144rf4,Breaking the Habit,6XyY86QOPPrYVGvF9ch6wz,Linkin Park,196133,0,False,[],,,,,,,,,,,
7CpbhqKUedOIrcvc94p60Y,Bodies,1E4r4z7ivGUcSAnCbINJ9v,Drowning Pool,201960,0,False,[],,,,,,,,,,,
4GxdRrDz8nV2B51wdaQh5k,Automatic Sun,2SmW1lFlBJn4IfBzBZDlSh,The Warning,190859,0,False,[],,,,,,,,,,,
5vVKkF3xih38Vcoo4HgAo8,Engine No. 9,6Ghvu1VvMGScGpOUJBAHNH,Deftones,204880,0,True,[],,,,,,,,,,,
0snQkGI5qnAmohLE7jTsTn,Toxicity,5eAWCfyUhZtHHtBdNk56l1,System Of A Down,218933,0,False,[],,,,,,,,,,,
47EqCQZG5v4o0WFMufGf5S,Cigaro,5eAWCfyUhZtHHtBdNk56l1,System Of A Down,131706,0,True,[],,,,,,,,,,,
6Nm8h73ycDG2saCnZV8poF,Dragula,3HVdAiMNjYrQIKlOGxoGh5,Rob Zombie,222826,0,False,[],,,,,,,,,,,
0tZ3mElWcr74OOhKEiNz1x,Bulls On Parade,2d0hyoQ5ynDBnkvAbJKORj,Rage Against The Machine,229466,0,True,[],,,,,,,,,,,
32IBLKj7O4kRtXmBlPXqWo,Sharks,2SmW1lFlBJn4IfBzBZDlSh,The Warning,188121,0,False,[],,,,,,,,,,,
2Qv8xJzenocwXyGlMU5PaC,ARTIFICIAL SUICIDE,3Ri4H12KFyu98LMjSoij5V,Bad Omens,195000,0,True,[],,,,,,,,,,,
581mukhDjta60CCwpvnjL9,Nobody,3jTlKw98Ql1jGRPYqhqHap,Skindred,236013,0,False,[],,,,,,,,,,,
3UygY7qW2cvG9Llkay6i1i,Going Under,5nGIFgo0shDenQYSE0Sn7c,Evanescence,214946,0,False,[],,,,,,,,,,,
3OYZWMm5m2DEwq2Tc1ukTh,The Heretic Anthem,05fG473iIaoy82BF1aGhL8,Slipknot,254000,0,True,[],,,,,,,,,,,
7MEHTWzEi3z7P2jEWAcdHZ,Eyeless,05fG473iIaoy82BF1aGhL8,Slipknot,236360,0,True,[],,,,,,,,,,,
0E0GPPvheTzleZgWckjef2,HURT,31M8EXHYtEqOqVb1X7JRVe,Dead Poet Society,213924,0,True,[],,,,,,,,,,,
5nekfiTN45vlxG0eNJQQye,Fade To Black - Remastered,2ye2Wgw4gimLv2eAKyk1NB,Metallica,417226,0,False,[],,,,,,,,,,,
6tRneEcItwpSxBtqgem5Dr,THE DEATH OF PEACE OF MIND,3Ri4H12KFyu98LMjSoij5V,Bad Omens,241499,0,True,[],,,,,,,,,,,
6IdyYbGg1jxiWhfwm2Ykjn,Jaded,4MzJMcHQBl9SIYSjwWn8QW,Spiritbox,262631,0,False,[],,,,,,,,,,,
3zQy3N1K8Mk5QknfFuVGNc,Yellowjacket - feat. Sam Carter,4MzJMcHQBl9SIYSjwWn8QW,Spiritbox,198067,0,False,[],,,,,,,,,,,
0Xl2pAlIRE6ANULPdEI7fx,Pink,7Ey4PD4MYsKc5I2dolUwbH,Aerosmith,235473,0,False,[],,,,,,,,,,,
6y20BV5L33R8YXM0YuI38N,No One Knows,4pejUc4iciQfgdX6OKulQn,Queens of the Stone Age,278746,0,False,[],,,,,,,,,,,
5qxN63QA4Hk1zgdLCsZFE2,Heaven and Hell,5M52tdBnJaKSvOpJGz8mfZ,Black Sabbath,417840,0,False,[],,,,,,,,,,,
7nnWIPM5hwE3DaUBkvOIpy,Drive,3YcBF2ttyueytpXtEzn1Za,Incubus,232453,0,False,[],,,,,,,,,,,
36xBFaVGjqm7le8CTHytUj,Parasite Eve,1Ffb6ejR6Fe5IamqA5oRUF,Bring Me The Horizon,291812,0,True,[],,,,,,,,,,,
0uLhNT7UIH3nZCCDZd3OBl,Anna Molly,3YcBF2ttyueytpXtEzn1Za,Incubus,225880,0,False,[],,,,,,,,,,,
5mc6EyF1OIEOhAkD0Gg9Lc,Closer,0X380XXQSNBYuleKzav5UO,Nine Inch Nails,373306,0,True,[],,,,,,,,,,,
6EJwjtqOu69c0NRAk4RRcA,Blessed Be,4MzJMcHQBl9SIYSjwWn8QW,Spiritbox,245830,0,False,[],,,,,,,,,,,
2gU9kJyilPyNg9V63tr40l,My Blood On Your Hands,467M2s2YxXdlL2ZpDUNL3A,Paleface Swiss,100430,0,True,[],,,,,,,,,,,
5Hh2VJj7bOWGsN0Jw6smwt,Two Faced,6XyY86QOPPrYVGvF9ch6wz,Linkin Park,183584,0,False,[],,,,,,,,,,,
0ADnhZNVVnSApQStXz2XxK,Electric Cross,4MzJMcHQBl9SIYSjwWn8QW,Spiritbox,323082,0,False,[],,,,,,,,,,,
2WtFbotxC95UD2r1RzE036,V.A.N,3Ri4H12KFyu98LMjSoij5V,Bad Omens,274098,0,False,[],,,,,,,,,,,
1cOVUfTywcWYUBPtzpaIDB,Belly Up,53Hm23U3dtaHeB5Oy6GbaS,Return to Dust,201928,0,False,[],,,,,,,,,,,
60fUDmIWuKhngaeBIVhqIV,Stranded,0GDGKpJFhVpcjIGF8N6Ewt,Gojira,269533,0,False,[],,,,,,,,,,,
5aZ9mfnT8jp3ZdrMQaF76j,Gimme That Boom,3jTlKw98Ql1jGRPYqhqHap,Skindred,193853,0,False,[],,,,,,,,,,,
6DoXuH326aAYEN8CnlLmhP,7 Words,6Ghvu1VvMGScGpOUJBAHNH,Deftones,223893,0,True,[],,,,,,,,,,,
6AAZigYqOch79lKcrSBOv0,Killpop,05fG473iIaoy82BF1aGhL8,Slipknot,225066,0,True,[],,,,,,,,,,,
0KCSJzsQVxkloxoT7dyrqV,The Rumbling (TV Size),2BM933ADIluGGrPBOhPgIt,SiM,90265,0,False,[],,,,,,,,,,,
1wyVyr8OhYsC9l0WgPPbh8,Bela Lugosi's Dead (Official Version),5N5tQ9Dx1h8Od7aRmGj7Fi,Bauhaus,576703,0,False,[],,,,,,,,,,,
44NRdYQw7P0GWuiunRv3hr,I Stand Alone,6gZq1Q6bdOxsUPUG1TaFbF,Godsmack,246040,0,False,[],,,,,,,,,,,
3ZJ2GSN0OBBqY0wfm3mhnc,Until Mourning Comes,4igS2MSwOIf3F9YeL929IO,Dying Wish,157280,0,True,[],,,,,,,,,,,
70L6nHORQsblY813yNqUR3,Cherry Waves,6Ghvu1VvMGScGpOUJBAHNH,Deftones,317706,0,False,[],,,,,,,,,,,
5ynxx6zC4dgzsMHLYQ04Dc,Remedy,6B5c4sch27tWHAGdarpPaW,Seether,207213,0,False,[],,,,,,,,,,,
2S53xe3CB5RgDELKeU97g0,Nazareth,2n2RSaZqBuUUukhbLlpnE6,Sleep Token,336840,0,True,[],,,,,,,,,,,
0O26gtfjuscAOnQobjNPPL,To the Hellfire,6vXYoy8ouRVib302zxaxFF,Lorna Shore,369786,0,True,[],,,,,,,,,,,
5EWPGh7jbTNO2wakv8LjUI,Free Bird,4MVyzYMgTwdP7Z49wAZHx0,Lynyrd Skynyrd,547106,0,False,[],,,,,,,,,,,
6kooDsorCpWVMGc994XjWN,Black Betty,6FITmSxIMsk6TfulFiCIIz,Ram Jam,240335,0,False,[],,,,,,,,,,,
2SiXAy7TuUkycRVbbWDEpo,You Shook Me All Night Long,711MCceyCBcFnzjGY4Q7Un,AC/DC,210328,0,False,[],,,,,,,,,,,
4BP3uh0hFLFRb5cjsgLqDh,Fortunate Son,3IYUhFvPQItj6xySrBmZkd,Creedence Clearwater Revival,140773,0,False,[],,,,,,,,,,,
4DMKwE2E2iYDKY01C335Uw,Carry on Wayward Son,2hl0xAkS2AIRAu23TVMBG1,Kansas,323000,0,False,[],,,,,,,,,,,
73TxYZd0lBCVRrHawrAglA,Sweet Emotion,7Ey4PD4MYsKc5I2dolUwbH,Aerosmith,274088,0,False,[],,,,,,,,,,,
5wvsoPecGLpTFCFg8qhM2a,DISCIPLE,2SmW1lFlBJn4IfBzBZDlSh,The Warning,220055,0,False,[],,,,,,,,,,,
5sICkBXVmaCQk5aISGR3x1,Enter Sandman,2ye2Wgw4gimLv2eAKyk1NB,Metallica,331266,0,False,[],,,,,,,,,,,
6QewNVIDKdSl8Y3ycuHIei,Even Flow,1w5Kfo2jwwIPruYS2UWh56,Pearl Jam,292579,0,True,[],,,,,,,,,,,
6gZVQvQZOFpzIy3HblJ20F,Man in the Box,64tNsm6TnZe2zpcMVMOoHL,Alice In Chains,285200,0,True,[],,,,,,,,,,,
3SFXsFpeGmBTtQvKiwYMDA,Pretty Fly (For A White Guy),5LfGQac0EIXyAN8aUwmNAQ,The Offspring,188666,0,False,[],,,,,,,,,,,
5anCkDvJ17aznvK5TED5uo,Hail to the King,0nmQIMXWTXfhgOBdNzhGOs,Avenged Sevenfold,305906,0,False,[],,,,,,,,,,,
1FkoVC85Ds3mFoK0fVqEqP,Self Esteem,5LfGQac0EIXyAN8aUwmNAQ,The Offspring,257826,0,False,[],,,,,,,,,,,
4Gd9PUEuOTOJtbgd4YxLXM,Savin' Me,6deZN1bslXzeGvOLaLMOIF,Nickelback,219320,0,False,[],,,,,,,,,,,
42T2QQv3xgBlpQxaSP7lnK,One Last Breath,43sZBwHjahUvgbx1WNIkIz,Creed,238240,0,False,[],,,,,,,,,,,
5HNCy40Ni5BZJFw1TKzRsC,Comfortably Numb,0k17h0D3J5VfsdmQ1iZtE9,Pink Floyd,382280,0,False,[],,,,,,,,,,,
5W8YXBz9MTIDyrpYaCg2Ky,Last Resort,4RddZ3iHvSpGV4dvATac9X,Papa Roach,199906,0,True,[],,,,,,,,,,,
6TfBA04WJ3X1d1wXhaCFVT,"You're Gonna Go Far, Kid",5LfGQac0EIXyAN8aUwmNAQ,The Offspring,177826,0,True,[],,,,,,,,,,,
0gmbgwZ8iqyMPmXefof8Yf,How You Remind Me,6deZN1bslXzeGvOLaLMOIF,Nickelback,223840,0,False,[],,,,,,,,,,,
2nLtzopw4rPReszdYBJU6h,Numb,6XyY86QOPPrYVGvF9ch6wz,Linkin Park,187520,0,False,[],,,,,,,,,,,
5wmkQbOUTLjnDsdLeNgtO3,New Divide,6XyY86QOPPrYVGvF9ch6wz,Linkin Park,269098,0,False,[],,,,,,,,,,,
5Rizj5FLb2AyNKu9esjYY6,Rape Me,6olE6TJLqED3rqDCT0FyPh,Nirvana,170000,0,False,[],,,,,,,,,,,
0gEyKnHvgkrkBM6fbeHdwK,Linger,7t0rwkOPGlDPEhaOcVtOt9,The Cranberries,274706,0,False,[],,,,,,,,,,,
6Qyc6fS4DsZjB2mRW9DsQs,Iris,2sil8z5kiy4r76CRTXxBCA,The Goo Goo Dolls,289533,0,False,[],,,,,,,,,,,
2fuYa3Lx06QQJAm0MjztKr,Let Down,4Z8W4fKeB5YxbusRsdQVPb,Radiohead,299560,0,False,[],,,,,,,,,,,
6LUGvXEAK8WxIBYK43uoTb,Back to the Old House - 2011 Remaster,3yY2gUcIsjMr8hjo51PoJ8,The Smiths,186626,0,False,[],,,,,,,,,,,
4U45aEWtQhrm8A5mxPaFZ7,Vienna,6zFYqv1mOsgBRQbae3JJ9e,Billy Joel,214240,0,False,[],,,,,,,,,,,
1G391cbiT3v3Cywg8T7DM1,Scar Tissue,0L8ExT028jH3ddEcZwqJJ5,Red Hot Chili Peppers,215906,0,False,[],,,,,,,,,,,
2MuWTIM3b0YEAskbeeFE1i,Master Of Puppets,2ye2Wgw4gimLv2eAKyk1NB,Metallica,515386,0,False,[],,,,,,,,,,,
2uzluI26zEowYnMqhyr0BY,EVOLVE,2SmW1lFlBJn4IfBzBZDlSh,The Warning,213308,0,False,[],,,,,,,,,,,
1Lm6B6aXsBhcsxrimyhkJb,Crazy Train,6ZLTlhejhndI4Rh53vYhrY,Ozzy Osbourne,292710,0,False,[],,,,,,,,,,,
4l7Az0gNNvvBiEbSKnFIVp,REVENANT,2SmW1lFlBJn4IfBzBZDlSh,The Warning,261655,0,False,[],,,,,,,,,,,
1PhLYngBKbeDtdmDzCg3Pb,Sad But True,2ye2Wgw4gimLv2eAKyk1NB,Metallica,323933,0,False,[],,,,,,,,,,,
7LZgdL0MxiElfaKZbuuE4l,Asleep - 2011 Remaster,3yY2gUcIsjMr8hjo51PoJ8,The Smiths,253560,0,False,[],,,,,,,,,,,
5IX4TbIR5mMHGE4wiWwKW0,One,2ye2Wgw4gimLv2eAKyk1NB,Metallica,447440,0,False,[],,,,,,,,,,,
11LmqTE2naFULdEP94AUBa,Heart-Shaped Box,6olE6TJLqED3rqDCT0FyPh,Nirvana,281160,0,False,[],,,,,,,,,,,
4e9eGQYsOiBcftrWXwsVco,Aerials,5eAWCfyUhZtHHtBdNk56l1,System Of A Down,235053,0,False,[],,,,,,,,,,,
57BrRMwf9LrcmuOsyGilwr,Crawling,6XyY86QOPPrYVGvF9ch6wz,Linkin Park,208960,0,False,[],,,,,,,,,,,
2WfaOiMkCvy7F5fcp2zZ8L,Take on Me,2jzc5TC5TVFLXQlBNiIUzE,a-ha,225280,0,False,[],,,,,,,,,,,
4Q9WS9ARvL7rkokSbnhM96,Detroit Rock City,07XSN3sPlIlB2L2XNcTwJw,KISS,215933,0,False,[],,,,,,,,,,,
4cIPLtg1avt2Jm3ne9S1zy,Killer Queen - Remastered 2011,1dfeR4HaWDbWqFHLkxsg1d,Queen,179600,0,False,[],,,,,,,,,,,
40riOy7x9W7GXjyGp4pjAv,Hotel California - 2013 Remaster,0ECwFtbIWEVNwjlrfc6xoL,Eagles,391376,0,False,[],,,,,,,,,,,
31AOj9sFz2gM0O3hMARRBx,Losing My Religion,4KWTAlx2RvbpseOGMEmROg,R.E.M.,268426,0,False,[],,,,,,,,,,,
0vFOzaXqZHahrZp6enQwQb,Money,0k17h0D3J5VfsdmQ1iZtE9,Pink Floyd,380080,0,True,[],,,,,,,,,,,
3MrWxJaD2AT0W9DjWF64Vm,Come On Eileen,4QTVePrFu1xuGM9K0kNXkk,Dexys Midnight Runners,287306,0,False,[],,,,,,,,,,,
7snQQk1zcKl8gZ92AnueZW,Sweet Child O' Mine,3qm84nBOXUEQ2vnTfUTTFC,Guns N' Roses,356066,0,False,[],,,,,,,,,,,
3ttIVj1N3d6hV8t0UL2Mjo,MONEY,2SmW1lFlBJn4IfBzBZDlSh,The Warning,194896,0,False,[],,,,,,,,,,,
3lKN03PDeBnXZS7sDukRBt,"Money, Money, Money",0LcJLqbBmaGUft1e9Mm8HV,ABBA,186426,0,False,[],,,,,,,,,,,
3ZOEytgrvLwQaqXreDs2Jx,Can't Stop,0L8ExT028jH3ddEcZwqJJ5,Red Hot Chili Peppers,269000,0,False,[],,,,,,,,,,,
4RvWPyQ5RL0ao9LPZeSouE,Everybody Wants To Rule The World,4bthk9UfsYUYdcFyqxmSUU,Tears For Fears,251488,0,False,[],,,,,,,,,,,
60a0Rd6pjrkxjPbaKzXjfq,In the End,6XyY86QOPPrYVGvF9ch6wz,Linkin Park,216880,0,False,[],,,,,,,,,,,
0lP4HYLmvowOKdsQ7CVkuq,The Kill,0RqtSIYZmd4fiBKVFqyIqD,Thirty Seconds To Mars,231533,0,False,[],,,,,,,,,,,
40rvBMQizxkIqnjPdEWY1v,Down with the Sickness,3TOqt5oJwL9BE2NG9MEwDa,Disturbed,279213,0,True,[],,,,,,,,,,,
5CQ30WqJwcep0pYcV4AMNc,Stairway to Heaven - Remaster,36QJpDe2go2KgaRleHCDTp,Led Zeppelin,482830,0,False,[],,,,,,,,,,,
2zYzyRzz6pRmhPzyfMEC8s,Highway to Hell,711MCceyCBcFnzjGY4Q7Un,AC/DC,208110,0,False,[],,,,,,,,,,,
6PwjJ58I4t7Mae9xfZ9l9v,Somebody Told Me,0C0XlULifJtAgn6ZNCW2eu,The Killers,197200,0,False,[],,,,,,,,,,,
3If1A3kmA96TVgxwuAZDB2,ANIMOSITY,2SmW1lFlBJn4IfBzBZDlSh,The Warning,246405,0,False,[],,,,,,,,,,,
39shmbIHICJ2Wxnk1fPSdz,Should I Stay or Should I Go - Remastered,3RGLhK1IP9jnYFH4BRFJBS,The Clash,188987,0,False,[],,,,,,,,,,,
2fuCquhmrzHpu5xcA1ci9x,Under Pressure - Remastered 2011,1dfeR4HaWDbWqFHLkxsg1d,Queen,248440,0,False,[],,,,,,,,,,,
3K4HG9evC7dg3N0R9cYqk4,One Step Closer,6XyY86QOPPrYVGvF9ch6wz,Linkin Park,157333,0,False,[],,,,,,,,,,,
1i6N76fftMZhijOzFQ5ZtL,Psycho Killer - 2005 Remaster,2x9SpqnPi8rlE9pjHBwmSC,Talking Heads,261413,0,False,[],,,,,,,,,,,
5wQnmLuC1W7ATsArWACrgW,Welcome to the Black Parade,7FBcuc1gsnv6Y1nwFtNRCb,My Chemical Romance,311106,0,False,[],,,,,,,,,,,
0M955bMOoilikPXwKLYpoi,I Hate Everything About You,2xiIXseIJcq3nG7C8fHeBj,Three Days Grace,231480,0,False,[],,,,,,,,,,,
7l0Lr7Tl4Gt8hQj4v3rwtf,I'm Not A Vampire,2CmaKO2zEGJ1NWpS1yfVGz,Falling In Reverse,231840,0,False,[],,,,,,,,,,,
1IT0WQk5J8NsaeII8ktdlZ,King For A Day,4iJLPqClelZOBCBifm8Fzv,Pierce The Veil,236293,0,True,[],,,,,,,,,,,
0MsrWnxQZxPAcov7c74sSo,Holiday / Boulevard of Broken Dreams,7oPftvlwr6VrsViSDV7fJY,Green Day,493400,0,True,[],,,,,,,,,,,
2m1hi0nfMR9vdGC8UcrnwU,All The Small Things,6FBDaR13swtiWwGhX1WQsP,blink-182,167066,0,False,[],,,,,,,,,,,
5Z4UhpREYJqrR5AZzeETzI,Midnight Messiah,2aaLAng2L2aWD2FClzwiep,Dream Theater,478186,0,False,[],,,,,,,,,,,
3tLxVjikY8WNipxugdxHjQ,KOOL AID KIDS,2SmW1lFlBJn4IfBzBZDlSh,The Warning,202518,0,False,[],,,,,,,,,,,
1158ckiB5S4cpsdYHDB9IF,My Own Summer (Shove It),6Ghvu1VvMGScGpOUJBAHNH,Deftones,214760,0,False,[],,,,,,,,,,,
3ESohZocQvwRDzedmk4fYi,Blind - Live at CBGB,3RNrq3jvMZxD9ZyoOZbQOD,Korn,252400,0,True,[],,,,,,,,,,,
2yYX7KbfWZrezWVW1vN3iz,Eyeless,05fG473iIaoy82BF1aGhL8,Slipknot,236360,0,True,[],,,,,,,,,,,
5z6xHjCZr7a7AIcy8sPBKy,Smooth Criminal,6TZdvF1kFzwnQLgHQynzsO,Alien Ant Farm,209266,0,False,[],,,,,,,,,,,
6gCVA6ja6g0foIsWv0RuSZ,ATWA,5eAWCfyUhZtHHtBdNk56l1,System Of A Down,176200,0,False,[],,,,,,,,,,,
1X4Ntw6Lbaa1ACgilCqMpr,Alive - Chris Lord-Alge Mix,6KO6G41BBLTDNYOLefWTMU,P.O.D.,205026,0,False,[],,,,,,,,,,,
4Uiw0Sl9yskBaC6P4DcdVD,Be Quiet and Drive (Far Away),6Ghvu1VvMGScGpOUJBAHNH,Deftones,299866,0,False,[],,,,,,,,,,,
1AzMYJm6qTAullM3UKuPY9,Y'all Want a Single,3RNrq3jvMZxD9ZyoOZbQOD,Korn,197906,0,True,[],,,,,,,,,,,
0JKhtLEsm4Rij2HK6LyLYc,HURT (feat. The Warning),31M8EXHYtEqOqVb1X7JRVe,Dead Poet Society,213924,0,True,[],,,,,,,,,,,
6aCBjSb87RizdH8lVBIRW7,Good Things Go,6XyY86QOPPrYVGvF9ch6wz,Linkin Park,209844,0,True,[],,,,,,,,,,,
40dHZ1HyySmu9FmTINRbqM,Getting Away With Murder,4RddZ3iHvSpGV4dvATac9X,Papa Roach,191372,0,False,[],,,,,,,,,,,
3c9kVsKF68xMzlS0NikVn3,Masterpiece,6MwPCCR936cYfM1dLsGVnl,Motionless In White,206648,0,False,[],,,,,,,,,,,
6W21LNLz9Sw7sUSNWMSHRu,Freak On a Leash,3RNrq3jvMZxD9ZyoOZbQOD,Korn,255729,0,True,[],,,,,,,,,,,
56fiFTRrSiHHH3gBeaTg2P,Nero Forte,05fG473iIaoy82BF1aGhL8,Slipknot,315177,0,True,[],,,,,,,,,,,
10V8XpuyMoEcSMfM79WDET,Living Dead Girl,3HVdAiMNjYrQIKlOGxoGh5,Rob Zombie,201400,0,False,[],,,,,,,,,,,
6YU556RBcA4js0poLlP8Cu,Full Nelson,165ZgPlLkK7bf5bDoFc6Sb,Limp Bizkit,247360,0,True,[],,,,,,,,,,,
19fYhk0wzXqUOoBqkPsYCP,Right Now,3RNrq3jvMZxD9ZyoOZbQOD,Korn,189960,0,True,[],,,,,,,,,,,
2yTnWN1R5j6grXC8YLf5mc,Spit It Out,05fG473iIaoy82BF1aGhL8,Slipknot,159773,0,True,[],,,,,,,,,,,
6i5qhmmF9UNUBRyrPSGn4m,Two Faced,6XyY86QOPPrYVGvF9ch6wz,Linkin Park,183584,0,False,[],,,,,,,,,,,
0M3adYbGtyRHACP86dey1H,Throne,1Ffb6ejR6Fe5IamqA5oRUF,Bring Me The Horizon,191520,0,False,[],,,,,,,,,,,
3AwLxSqo1jOOMpNsgxqRNE,Prison Song,5eAWCfyUhZtHHtBdNk56l1,System Of A Down,201160,0,True,[],,,,,,,,,,,
6ursmCnbc9oDRGa2yHKkoZ,Roots Bloody Roots,6JW8wliOEwaDZ231ZY7cf4,Sepultura,212253,0,False,[],,,,,,,,,,,
2F6FfZ4w8z3eJpSxPotVO5,Falling Away from Me,3RNrq3jvMZxD9ZyoOZbQOD,Korn,270920,0,True,[],,,,,,,,,,,
7ilvmUhG4jmCuJV4ZvjkKT,Surfacing,05fG473iIaoy82BF1aGhL8,Slipknot,218093,0,True,[],,,,,,,,,,,
5sNESr6pQfIhL3krM8CtZn,Numb / Encore,3nFkdlSjzX9mRTtwJOzDYB,JAŸ-Z,205733,0,True,[],,,,,,,,,,,
5On0z2PZjPf5x7eB2afLEf,ERROR,2SmW1lFlBJn4IfBzBZDlSh,The Warning,237480,0,False,[],,,,,,,,,,,
3be9lEoOwbDROZViutmSgd,"No Loss, No Love",4MzJMcHQBl9SIYSjwWn8QW,Spiritbox,176466,0,False,[],,,,,,,,,,,
1sjrDQXqAa9V07FjKIlAQ4,Hemorrhage (In My Hands),0EyuKHE1AeE9lWUF8mzKVp,Fuel,236866,0,False,[],,,,,,,,,,,
70LcF31zb1H0PyJoS1Sx1r,Creep,4Z8W4fKeB5YxbusRsdQVPb,Radiohead,238640,0,True,[],,,,,,,,,,,
7yOHHVY8AhsNt297yEcHVE,Acid Rain,0nmQIMXWTXfhgOBdNzhGOs,Avenged Sevenfold,400933,0,False,[],,,,,,,,,,,
03sEzk1VyrUZSgyhoQR0LZ,Pneuma,2yEwvVSSSUkcLeSTNyHKh8,TOOL,713191,0,False,[],,,,,,,,,,,
2qppHEbcFcux7Awi3UoVQh,The Ballad of Tommy Clayton & the Rawdawg Millionaire,4tususHNaR68xdgLstlGBA,Of Mice & Men,230080,0,False,[],,,,,,,,,,,
4m6KDnPHC6QBvG0UBjuEbm,The Greatest Story Ever Told,52qKfVcIV4GS8A8Vay2xtt,Ice Nine Kills,262160,0,False,[],,,,,,,,,,,
54MXF9I8s3DuiQo3g0gZ5k,A Match Into Water,4iJLPqClelZOBCBifm8Fzv,Pierce The Veil,212546,0,True,[],,,,,,,,,,,
2NTSMVgnKucsxW2MNzNZz4,YDG,4tususHNaR68xdgLstlGBA,Of Mice & Men,197920,0,False,[],,,,,,,,,,,
0AOmbw8AwDnwXhHC3OhdVB,Courtesy Call,6GfiCQDFYANz5wUkSmb3Dr,Thousand Foot Krutch,236898,0,False,[],,,,,,,,,,,
1EryAkZ0VHstC6haIxVBiE,Sextape,6Ghvu1VvMGScGpOUJBAHNH,Deftones,241533,0,False,[],,,,,,,,,,,
61kzGC0EuJAmxSeZYI8ayR,Bones Exposed,4tususHNaR68xdgLstlGBA,Of Mice & Men,255693,0,True,[],,,,,,,,,,,
13nQ70PnhDnTkYqCmdg3sy,I Can't,4Z8W4fKeB5YxbusRsdQVPb,Radiohead,253093,0,False,[],,,,,,,,,,,
1S20BsgYeUven3xXuIUVz2,Hayloft II (SMASHUP),0e86yPdC41PGRkLp2Q1Bph,Mother Mother,223509,0,False,[],,,,,,,,,,,
76LGCP0g9nVknR7HD2Jjyp,Not The American Average,1caBfBEapzw8z2Qz9q0OaQ,Asking Alexandria,279226,0,True,[],,,,,,,,,,,
04np64OjIt01Z7KSYWwhcC,Four Walls,38LdIuxB548zgHoEY2AN7a,While She Sleeps,307933,0,False,[],,,,,,,,,,,
6wDTwxDl4M6XuRiu4ZeaxG,Feels Like Forever,4tususHNaR68xdgLstlGBA,Of Mice & Men,193493,0,False,[],,,,,,,,,,,
5hhKJuvMEEJ5YYDSWE6l0F,Watch Your Life,5WJ2HzqjyCr5JzEHpELuq9,The Dark Prison Massacre,186000,0,False,[],,,,,,,,,,,
73g6Fc1GqrubqfGYlPgQFW,Angel - 2021 Remaster,6JW8wliOEwaDZ231ZY7cf4,Sepultura,313960,0,False,[],,,,,,,,,,,
6ILVeNgfsOG41ioscRql5P,from me to u (feat. Poppy),630wzNP2OL7fl4Xl0GnMWq,BABYMETAL,204526,0,True,[],,,,,,,,,,,
4bHFJc0ZIgz2lhdy9hFQA7,Protection,0d5ZwMtCer8dQdOPAgWhe7,Alcest,349968,0,False,[],,,,,,,,,,,
5NeIONQWJ25uPylJBJiO4c,Through Glass,49qiE8dj4JuNdpYGRPdKbF,Stone Sour,282946,0,False,[],,,,,,,,,,,
4ZeBVxDZOOcoEELB3YVSjX,Pagan Baby,3IYUhFvPQItj6xySrBmZkd,Creedence Clearwater Revival,383920,0,False,[],,,,,,,,,,,
6HgrJfzfj9WRBABdussy8z,Rx Queen,6Ghvu1VvMGScGpOUJBAHNH,Deftones,268026,0,False,[],,,,,,,,,,,
6UzeOH4bRPzKTo2wCXMZmC,By Myself,6XyY86QOPPrYVGvF9ch6wz,Linkin Park,189800,0,False,[],,,,,,,,,,,
0Q2dRzhPWFOex89dOjbq5Y,Watermelon In Easter Hay,6ra4GIOgCZQZMOaUECftGN,Frank Zappa,547960,0,False,[],,,,,,,,,,,
60TThBDrPpek5k520l0W0L,Black Sheep - Brie Larson Vocal Version,1rCIEwPp5OnXW0ornlSsRl,Metric,294065,0,False,[],,,,,,,,,,,
31ZtB3YufnF9zY7I1tAICk,Everything Burns,3lGO6uBIzoFyU6OoGMER1B,Dead Pony,172172,0,False,[],,,,,,,,,,,
6X1qkAaZoCIgcrqyeRJP8L,"23, Never Me",3lGO6uBIzoFyU6OoGMER1B,Dead Pony,175432,0,True,[],,,,,,,,,,,
7tgH5rFMIMTfNaycKeMbDb,AMOUR,2SmW1lFlBJn4IfBzBZDlSh,The Warning,234707,0,False,[],,,,,,,,,,,
6JPWYddXB3w3Wd29qAY6nM,Suffocate Me,0ygBWmJ8NeAzGthjd4TN0A,Angelfish,220106,0,False,[],,,,,,,,,,,
3cpZPDaWYxxy0Ho2uIyYRW,Helena,1cXi8ALPQCBHZbf0EgP4Ey,Misfits,199944,0,False,[],,,,,,,,,,,
7qzFXUvBk7lELXuxVREypV,Nearly Lost You,3Ukr3Ufjg8ygRJv7Ww887f,Screaming Trees,247089,0,False,[],,,,,,,,,,,
6LWRZQ6FiVdjWP04jDQL42,Butterfly,3Ukr3Ufjg8ygRJv7Ww887f,Screaming Trees,202772,0,False,[],,,,,,,,,,,
1OCDCVzQVxVm2HceeEJTzm,Grease Box,2mncWLPUUFpNvBLkHzTsDO,Tad,233373,0,False,[],,,,,,,,,,,
2jeBcSclYZHOGQ89ZyF2BN,Lizzy,6aVjo0xHSiuW5hkasoYSR3,Melvins,283760,0,False,[],,,,,,,,,,,
52d35Deejayu18L7EPCIjU,Hooch,6aVjo0xHSiuW5hkasoYSR3,Melvins,169093,0,False,[],,,,,,,,,,,
2x5FYXo5rL4Phmn3UPdkK3,Touch Me I'm Sick,7LuYiSXiWs86rwWJjEEgB9,Mudhoney,152706,0,False,[],,,,,,,,,,,
17lJiJ6NuBY6VHeEUVL2be,Hate the Police,7LuYiSXiWs86rwWJjEEgB9,Mudhoney,128840,0,False,[],,,,,,,,,,,
2X9xNcQnRPNLa9fUvl218u,River Of Sorrows,467M2s2YxXdlL2ZpDUNL3A,Paleface Swiss,242984,0,True,[],,,,,,,,,,,
4WzGpAiyqaJ22ISlx9FDT3,23,2SmW1lFlBJn4IfBzBZDlSh,The Warning,240274,0,False,[],,,,,,,,,,,
3GAqddcV0nwMHQI5RfMXoI,"Afterlife (from the Netflix Series ""Devil May Cry"")",5nGIFgo0shDenQYSE0Sn7c,Evanescence,249960,0,False,[],,,,,,,,,,,
5UtL2WBVPySPhiNsmrBbTv,nail polish,0muUUrVzG2eMabJN2UHtZB,Holywatr,226771,0,True,[],,,,,,,,,,,
74WhrYJnQHSYDC7sniKAQJ,Porch - Live,1w5Kfo2jwwIPruYS2UWh56,Pearl Jam,444853,0,True,[],,,,,,,,,,,
0LdkRYiS3semGItm03H3gm,Show Me the Light,2SmW1lFlBJn4IfBzBZDlSh,The Warning,268666,0,False,[],,,,,,,,,,,
1GQv9r0tn00ZfHTw92jAcW,CHOKE,2SmW1lFlBJn4IfBzBZDlSh,The Warning,231854,0,False,[],,,,,,,,,,,
55Ilqi0tkzElAOqDPixuDU,Into The Void,0X380XXQSNBYuleKzav5UO,Nine Inch Nails,289306,0,False,[],,,,,,,,,,,
2kHRcJgR1rzVTQjS7dERze,Vitamin,3YcBF2ttyueytpXtEzn1Za,Incubus,193200,0,False,[],,,,,,,,,,,
6zeE5tKyr8Nu882DQhhSQI,Dust in the Wind,2hl0xAkS2AIRAu23TVMBG1,Kansas,206266,0,False,[],,,,,,,,,,,
22ea9e9wspXjaR7qfqfsdS,Blitzkrieg Bop,1co4F2pPNH8JjTutZkmgSm,Ramones,133440,0,False,[],,,,,,,,,,,
4Z4ZLBzCXSlHSCaxZ3WS7p,Run to the Hills - 1998 Remaster,6mdiAmATAx73kdxrNrnlao,Iron Maiden,233946,0,False,[],,,,,,,,,,,
7zscdQe9CjzXnqT3P1Ey7K,If You Want Blood (You've Got It),711MCceyCBcFnzjGY4Q7Un,AC/DC,277078,0,False,[],,,,,,,,,,,
0Ydct85IVsl3FZrUdiPXHZ,Burden In My Hand,5xUf6j4upBrXZPg6AI4MRK,Soundgarden,289946,0,False,[],,,,,,,,,,,
0BSyLNlbWCBTE87UVOiFyD,God of Hate,72QAgp8jwGTG5QVR9ZZxgJ,Riffobia,318267,0,False,[],,,,,,,,,,,
0qDKy4Rj8Wtp5KXnM157nd,Breathe - Bonus Track,2SmW1lFlBJn4IfBzBZDlSh,The Warning,169000,0,False,[],,,,,,,,,,,
6tY081OYjkobXsedh6N8op,MARTIRIO,2SmW1lFlBJn4IfBzBZDlSh,The Warning,244230,0,False,[],,,,,,,,,,,
2Zj1mz5b791QYiY388iBC5,I hate when GIRLS die,0zfZmpHTu0MlkkNr5KHeXE,Die Spitz,224818,0,False,[],,,,,,,,,,,
0dC9JM9Y8HDfTF4QcPkelY,Feed The Dream,2g5gjeZJLGcWPAF0o9KdJj,Castle Rat,271426,0,False,[],,,,,,,,,,,
6nFdjV1Ko66O111x74K2kn,Dear God - Remastered 2001,2qT62DYO8Ajb276vUJmvhz,XTC,219506,0,False,[],,,,,,,,,,,
0q3jlKYRjRw24PjrAwow1H,Bowery (feat. Kings of Leon),40ZNYROS4zLfyyBSs2PGe2,Zach Bryan,215720,0,True,[],,,,,,,,,,,
5krhWYmWIKJhI96deUujm8,Specter,3Ri4H12KFyu98LMjSoij5V,Bad Omens,274408,0,False,[],,,,,,,,,,,
3fWibgdtgIie6LKTZ2rUoI,So Far So Fake,4iJLPqClelZOBCBifm8Fzv,Pierce The Veil,236160,0,False,[],,,,,,,,,,,
32SpYnVsCyakkew6AxmCa6,I'll Know You're Not Around,4igS2MSwOIf3F9YeL929IO,Dying Wish,223546,0,True,[],,,,,,,,,,,
2dLK2RCzc738nVOrKjQ2SP,loose ends,0muUUrVzG2eMabJN2UHtZB,Holywatr,213677,0,True,[],,,,,,,,,,,
3tYxhPqkioZEV5el3DJxLQ,Youngest Daughter,1IHjrY7ygKbmLVoUV1VcXc,Superheaven,249514,0,False,[],,,,,,,,,,,
7yuWHdSLrknIYMgbkdmPOS,Heartless,0zOcE3mg9nS6l3yxt1Y0bK,The Fray,255906,0,False,[],,,,,,,,,,,
1cgqPKnDH3EEAfHFusAubT,Don't Know What It Means,2gFsmDBM0hkoZPmrO5EdyO,Tedeschi Trucks Band,360453,0,False,[],,,,,,,,,,,
7d9sZF7jmepe2EYdETlNWK,Hot Blood,7jdFEYD2LTYjfwxOdlVjmc,KALEO,218600,0,False,[],,,,,,,,,,,
7fYKKFD0jiSlMDgG9IUs1q,Down To The Waterline,0WwSkZ7LtFUFjGjMZBMt6T,Dire Straits,241906,0,False,[],,,,,,,,,,,
3xGJuHvSxFJxxYlHj5BIoT,Young Lust,0k17h0D3J5VfsdmQ1iZtE9,Pink Floyd,209786,0,False,[],,,,,,,,,,,
6VlV6vwhHedxxBumKM5J4s,The Scythe,5SHgclK1ZpTdfdAmXW7J6s,The Last Dinner Party,285240,0,False,[],,,,,,,,,,,
5M1OSRePFJzlQCTJRKVGQQ,I Disagree,5mlbvTfWUOfDrUIK6dkNzv,Poppy,193499,0,False,[],,,,,,,,,,,
2VoU7RnUBTp3mxFJBhUIPX,HOW 2 GET AWAY WITH MURDER,3vEL65ycUboLH76pgdtqlF,South Arcade,178217,0,False,[],,,,,,,,,,,
3kMc83bWNdcaX1dmARQIII,Impose,3Ri4H12KFyu98LMjSoij5V,Bad Omens,263198,0,False,[],,,,,,,,,,,
5HQEmiV2lKnSO6qa2fsR7x,I'm Not In Love,6i6WlGzQtXtz7GcC5H5st5,10cc,366640,0,False,[],,,,,,,,,,,
4sUlsy0tPv9n5nqrqeA0lE,Magic Man,34jw2BbxjoYalTp8cJFCPv,Heart,328360,0,False,[],,,,,,,,,,,
000x2qE0ZI3hodeVrnJK8A,(Love Me Like Music) I'll Be Your Song,34jw2BbxjoYalTp8cJFCPv,Heart,200626,0,False,[],,,,,,,,,,,
4KWPRe3R9HnL3VLVBZeg0K,Sing Child,34jw2BbxjoYalTp8cJFCPv,Heart,295333,0,False,[],,,,,,,,,,,
5tVYmyLGmwJAdyXOGAKdHI,Love Alive,34jw2BbxjoYalTp8cJFCPv,Heart,261755,0,False,[],,,,,,,,,,,
6qfNV0MDV73P9DUhyITlqS,Frozen Love,2KugL3DwL7NRCN9VLcWXqx,Buckingham Nicks,435793,0,False,[],,,,,,,,,,,
4kiVGEOrzWmEUCxXU21rtN,John The Fisherman,64mPnRMMeudAet0E62ypkx,Primus,216733,0,False,[],,,,,,,,,,,
201EotFmvud6PmrdJJoaWN,Hoochie Coochie Man,0ln6vyEEr8rYl7ZB5aJv0T,Gary Dranow,218918,0,False,[],,,,,,,,,,,
1uJjlHBsevDnPVPTcFOU6t,let me burn,0uGk2czvcpWQA383Im6ajf,Maggie Lindemann,230240,0,False,[],,,,,,,,,,,
1TPdMmb92BoWvDFQlCuVl0,Dying To Love,3Ri4H12KFyu98LMjSoij5V,Bad Omens,256965,0,False,[],,,,,,,,,,,
1d6KS9GH06JAd19uiBy9IE,Ironic - 2015 Remaster,6ogn9necmbUdCppmNnGOdi,Alanis Morissette,230000,0,False,[],,,,,,,,,,,
3jS7bB0oXVOwGFZn3aE5NV,You Oughta Know - 2015 Remaster,6ogn9necmbUdCppmNnGOdi,Alanis Morissette,249493,0,True,[],,,,,,,,,,,
0pQZMrYNcfwZbt2Zt0pjaA,The Messenger,6XyY86QOPPrYVGvF9ch6wz,Linkin Park,181893,0,False,[],,,,,,,,,,,
0EdMqiKs9LKXhspeQhl4RZ,Time is Running Out,12Chz98pHFMPJEknJQMWvI,Muse,236535,0,False,[],,,,,,,,,,,
58YL9Jo1T0wyijCOZWRmyL,It's So Easy,3qm84nBOXUEQ2vnTfUTTFC,Guns N' Roses,202693,0,True,[],,,,,,,,,,,
6KwSYJxD2zqROxBB9mUQ20,Scary Mask,5mlbvTfWUOfDrUIK6dkNzv,Poppy,182056,0,False,[],,,,,,,,,,,
0qZ03ABKZsGbGhvh1zbbil,Sun Killer,4MzJMcHQBl9SIYSjwWn8QW,Spiritbox,227477,0,False,[],,,,,,,,,,,
0zSz0RvCWnYxOyh4JF2Az9,Dream of the Archer,34jw2BbxjoYalTp8cJFCPv,Heart,270108,0,False,[],,,,,,,,,,,
7zaRMwIjR8IRhag7477mFl,Heroes of Sand,7IAXZaLTb6nkJr8RmVPn5y,ANGRA,279346,0,False,[],,,,,,,,,,,
14EORgkbXqIx5K4Haucmnb,Absolute Zero,49qiE8dj4JuNdpYGRPdKbF,Stone Sour,229840,0,True,[],,,,,,,,,,,
7kjsCbksOZotNNHOvKsJJh,Still Loving You,27T030eWyCQRmDyuvr1kxY,Scorpions,387000,0,False,[],,,,,,,,,,,
0umDVf77ygI5RiVp9OvNDj,Pyro,2qk9voo8llSGYcZ6xrBzKx,Kings of Leon,250533,0,False,[],,,,,,,,,,,
3sjgaVtZIOEwR21pfM42Ly,Dublin in Ecstasy,6lyMYewq2SuTFIXgiv7OxH,Inhaler,311240,0,False,[],,,,,,,,,,,
6gBjUipB0ZxHd1BvwdJTDQ,People Watching,6zlR5ttMfMNmwf2lecU9Cc,Sam Fender,304480,0,False,[],,,,,,,,,,,
2xGuCRUULWXmaY6lVkcl8f,Golden Restless Age,2qk9voo8llSGYcZ6xrBzKx,Kings of Leon,273130,0,False,[],,,,,,,,,,,
5l6hpyTGBK0LAAxgPnqTQL,Look After You,0zOcE3mg9nS6l3yxt1Y0bK,The Fray,266773,0,False,[],,,,,,,,,,,
08xYVLIwKiAdWVBIRoVgj8,Arizona,41pd7r1XBRsvdxY3vHEgib,Wunderhorse,204053,0,False,[],,,,,,,,,,,
73CKjW3vsUXRpy3NnX4H7F,Fake Plastic Trees,4Z8W4fKeB5YxbusRsdQVPb,Radiohead,290706,0,False,[],,,,,,,,,,,
6UuVONmxXwTKN1ISepuAoQ,Forget Her,3nnQpaTvKb5jCQabZefACI,Jeff Buckley,314693,0,False,[],,,,,,,,,,,
6Df0RNShcnfIJmrRoJ6Gc9,Unravelling,12Chz98pHFMPJEknJQMWvI,Muse,238002,0,False,[],,,,,,,,,,,
74O2ijHJxPd6FJMgL6A4aq,"Covered in Rain - Live at the Oak Mountain Amphitheater, Birmingham, AL - September 2002",0hEurMDQu99nJRq8pTxO14,John Mayer,625173,0,False,[],,,,,,,,,,,
3kQmcD1XU29nSMrS7kgsWm,In The Modern World,3SXwqSqAoBz9WCI9PDQzY6,Fontaines D.C.,266884,0,False,[],,,,,,,,,,,
2JuasWPUodaUxf5nwNpciQ,Nutshell,64tNsm6TnZe2zpcMVMOoHL,Alice In Chains,259200,0,False,[],,,,,,,,,,,
6SXy02aTZU3ysoGUixYCz0,Maybe Tomorrow,21UJ7PRWb3Etgsu99f8yo8,Stereophonics,272946,0,False,[],,,,,,,,,,,
4IoYz8XqqdowINzfRrFnhi,You Found Me,0zOcE3mg9nS6l3yxt1Y0bK,The Fray,241853,0,False,[],,,,,,,,,,,
5UWwZ5lm5PKu6eKsHAGxOk,Everlong,7jy3rLJdDQY21OgRLCZ9sD,Foo Fighters,250546,0,False,[],,,,,,,,,,,
5VGlqQANWDKJFl0MBG3sg2,Use Somebody,2qk9voo8llSGYcZ6xrBzKx,Kings of Leon,230760,0,False,[],,,,,,,,,,,
7cX4PJz1old9fyFI8RlfgW,Read My Mind,0C0XlULifJtAgn6ZNCW2eu,The Killers,246840,0,False,[],,,,,,,,,,,
2nO1DYEg1X5GHi8SSuNJQj,Wait for Me,2qk9voo8llSGYcZ6xrBzKx,Kings of Leon,210158,0,False,[],,,,,,,,,,,
5j58jhAFzAy0keSuQYsQBn,Under The Pressure,6g0mn3tzAds6aVeUYRsryU,The War On Drugs,532306,0,False,[],,,,,,,,,,,
0bTlXQJzw4ddaLQPJ4rGS2,Revelry,2qk9voo8llSGYcZ6xrBzKx,Kings of Leon,201733,0,False,[],,,,,,,,,,,
59P1nrdEImkAKa1nyW9X2e,Pain,6g0mn3tzAds6aVeUYRsryU,The War On Drugs,330760,0,False,[],,,,,,,,,,,
1N62wozuHCvczCkY4QidpP,Over My Head (Cable Car),0zOcE3mg9nS6l3yxt1Y0bK,The Fray,236266,0,False,[],,,,,,,,,,,
0Xuh7O6BMfWnwA3SW81jV1,Angel In Lothian,6zlR5ttMfMNmwf2lecU9Cc,Sam Fender,252000,0,True,[],,,,,,,,,,,
1T76pppCs1bFBcVpRCWzxS,The End,2qk9voo8llSGYcZ6xrBzKx,Kings of Leon,264013,0,False,[],,,,,,,,,,,
2wuxCm6QikYr215FwRMF1I,"100,000 People",2qk9voo8llSGYcZ6xrBzKx,Kings of Leon,344021,0,False,[],,,,,,,,,,,
2EoOZnxNgtmZaD8uUmz2nD,Black Hole Sun,5xUf6j4upBrXZPg6AI4MRK,Soundgarden,318586,0,False,[],,,,,,,,,,,
3o7TMr6RmIusYH7Kkg7ujR,Coming Undone,3RNrq3jvMZxD9ZyoOZbQOD,Korn,199773,0,False,[],,,,,,,,,,,
61mWefnWQOLf90gepjOCb3,Duality,05fG473iIaoy82BF1aGhL8,Slipknot,252613,0,False,[],,,,,,,,,,,
6oO7WMjD6kEvCITLbVj0mu,Hypnotize,5eAWCfyUhZtHHtBdNk56l1,System Of A Down,189440,0,False,[],,,,,,,,,,,
19Ym5Sg0YyOCa6ao21bdoG,Gypsy,08GQAI4eElDnROBrJRGE0X,Fleetwood Mac,264906,0,False,[],,,,,,,,,,,
2oaK4JLVnmRGIO9ytBE1bt,Dark Necessities,0L8ExT028jH3ddEcZwqJJ5,Red Hot Chili Peppers,302000,0,False,[],,,,,,,,,,,
3zwmW1gM4E8FlHXV5nE16u,Be Yourself,2ziB7fzrXBoh1HUPS6sVFn,Audioslave,278973,0,False,[],,,,,,,,,,,
7txxAtOMwLLnQTpKeBL6bp,Mother,34c4iQ5tkaZKu6Sv28BTde,Danzig,204866,0,True,[],,,,,,,,,,,
7ACxUo21jtTHzy7ZEV56vU,Crazy Train,6ZLTlhejhndI4Rh53vYhrY,Ozzy Osbourne,293183,0,False,[],,,,,,,,,,,
0n3hdlinZYNly8NqAtvJHu,I'm Feeling You (feat. Michelle Branch & The Wreckers),6GI52t8N5F02MxU0g5U69P,Santana,270973,0,False,[],,,,,,,,,,,
14ILPmvz8SimpiISsCB58J,Wuthering Heights,7IAXZaLTb6nkJr8RmVPn5y,ANGRA,279733,0,False,[],,,,,,,,,,,
2JoUtztTqCN4ZhmbRDGPIL,Songbird - 2004 Remaster,08GQAI4eElDnROBrJRGE0X,Fleetwood Mac,200813,0,False,[],,,,,,,,,,,
6PypGyiu0Y2lCDBN1XZEnP,Everybody Hurts,4KWTAlx2RvbpseOGMEmROg,R.E.M.,320266,0,False,[],,,,,,,,,,,
2HoVY3dqfxRELuBzH6ryIb,Quibungo,4OXVi4H0rvoc4pf1PV0mb2,Schiavoto,294218,0,False,[],,,,,,,,,,,
7K6xMPtAjTuLPNlJMLf5bS,"Another Brick in the Wall, Pt. 1",0k17h0D3J5VfsdmQ1iZtE9,Pink Floyd,191293,0,False,[],,,,,,,,,,,
4gMgiXfqyzZLMhsksGmbQV,"Another Brick in the Wall, Pt. 2",0k17h0D3J5VfsdmQ1iZtE9,Pink Floyd,238946,0,False,[],,,,,,,,,,,
5rAIqtGPZNiCojmpRjuZW5,Gematria (The Killing Name),05fG473iIaoy82BF1aGhL8,Slipknot,361533,0,True,[],,,,,,,,,,,
7L9Fgs88bbwSOIYGJHOIBs,Love To Be Loved,2SmW1lFlBJn4IfBzBZDlSh,The Warning,170000,0,False,[],,,,,,,,,,,
1ndGB6rvxKYN9seCYO1dTF,The Zephyr Song,0L8ExT028jH3ddEcZwqJJ5,Red Hot Chili Peppers,231933,0,False,[],,,,,,,,,,,
3pRCHHfwYNVCOjWSrkGNw1,Burning Down the House,74XFHRwlV6OrjEM0A2NCMF,Paramore,218093,0,False,[],,,,,,,,,,,
2VNfJpwdEQBLyXajaa6LWT,Burning Down the House,2x9SpqnPi8rlE9pjHBwmSC,Talking Heads,241920,0,False,[],,,,,,,,,,,
5VEd2Yb0Mqy1GOuEp7LErd,California,5gznATMVO85ZcLTkE9ULU7,Lenny Kravitz,156866,0,False,[],,,,,,,,,,,
2X5U9XJcS0VHap4F1kJ6Lv,The Place,6JW8wliOEwaDZ231ZY7cf4,Sepultura,358837,0,False,[],,,,,,,,,,,
7gGSMV15n8HbMLre9Q9KZq,Stolen Crown,0KoVNtPMo6FhHSHQO7NDLG,Ginger and the Peppers,181382,0,False,[],,,,,,,,,,,
1das0WEGlru6mxVx9wAuve,Rebirth,7IAXZaLTb6nkJr8RmVPn5y,ANGRA,317573,0,False,[],,,,,,,,,,,
0c4IEciLCDdXEhhKxj4ThA,Madness,12Chz98pHFMPJEknJQMWvI,Muse,281040,0,False,[],,,,,,,,,,,
1zEALNGNcZxq1oQ0Rad6pr,Bleeding Heart - Live,7IAXZaLTb6nkJr8RmVPn5y,ANGRA,339626,0,False,[],,,,,,,,,,,
45VIrbiPh1rURwpeYKsyJ6,Here In The Now,7IAXZaLTb6nkJr8RmVPn5y,ANGRA,354390,0,False,[],,,,,,,,,,,
6BrPG60ZR30kQTZPZtLuoO,Agony of Defeat,6JW8wliOEwaDZ231ZY7cf4,Sepultura,351765,0,False,[],,,,,,,,,,,
43fImwroNsNnVKRVz999XF,Unravel,5mlbvTfWUOfDrUIK6dkNzv,Poppy,175446,0,False,[],,,,,,,,,,,
2dXsILW8gzkosqleHAvl0v,For Whom The Bell Tolls - Remastered,2ye2Wgw4gimLv2eAKyk1NB,Metallica,309973,0,False,[],,,,,,,,,,,
16ArBtBoggfFxG0w1qtIvT,Agents of Chaos,0w1xNkvjKVskWP7GvbiwRB,Crypta,289813,0,False,[],,,,,,,,,,,
62nQ8UZVqR2RMvkJHkcO2o,Jeremy,1w5Kfo2jwwIPruYS2UWh56,Pearl Jam,318226,0,True,[],,,,,,,,,,,
4nRyBgsqXEP2oPfzaMeZr7,Once,1w5Kfo2jwwIPruYS2UWh56,Pearl Jam,231368,0,True,[],,,,,,,,,,,
6VltRkmJbCTqgKrTHk4Ulw,"My My, Hey Hey (Out of the Blue) - 2016 Remaster",6v8FB84lnmJs434UJf2Mrm,Neil Young,227705,0,False,[],,,,,,,,,,,
5Xak5fmy089t0FYmh3VJiY,Black,1w5Kfo2jwwIPruYS2UWh56,Pearl Jam,342653,0,False,[],,,,,,,,,,,
1w6z7B0ova8EQZ43kjjqBl,I Don't Belong Anywhere,4igS2MSwOIf3F9YeL929IO,Dying Wish,244426,0,True,[],,,,,,,,,,,
6wqJeItl3Vc3az4ZicSQAB,Before I Forget,05fG473iIaoy82BF1aGhL8,Slipknot,278600,0,False,[],,,,,,,,,,,
0COqiPhxzoWICwFCS4eZcp,Bring Me To Life,5nGIFgo0shDenQYSE0Sn7c,Evanescence,235893,0,False,[],,,,,,,,,,,
3DwQ7AH3xGD9h65ezslm6q,Enter Sandman - Remastered 2021,2ye2Wgw4gimLv2eAKyk1NB,Metallica,331560,0,False,[],,,,,,,,,,,
4bkPAARkDov1lV05emEF7a,Soft Spine,4MzJMcHQBl9SIYSjwWn8QW,Spiritbox,183990,0,False,[],,,,,,,,,,,
1Y13csEpu3TK5gQdzGLrd8,Pardon Me,3YcBF2ttyueytpXtEzn1Za,Incubus,223746,0,False,[],,,,,,,,,,,
5uunXHE4kIW6uS4HWAXaOQ,Silvera,0GDGKpJFhVpcjIGF8N6Ewt,Gojira,212653,0,False,[],,,,,,,,,,,
7CoiOXsrfI58wUZBt45HgL,Perfect Soul,4MzJMcHQBl9SIYSjwWn8QW,Spiritbox,239640,0,False,[],,,,,,,,,,,
2Gt7fjNlx901pPRkvBiNBZ,Take Me Back To Eden,2n2RSaZqBuUUukhbLlpnE6,Sleep Token,500116,0,False,[],,,,,,,,,,,
2DlHlPMa4M17kufBvI2lEN,Chop Suey!,5eAWCfyUhZtHHtBdNk56l1,System Of A Down,210240,0,False,[],,,,,,,,,,,
6AioOohg4bQZFA4jIYQQ2r,Forty Six & 2,2yEwvVSSSUkcLeSTNyHKh8,TOOL,364520,0,False,[],,,,,,,,,,,
6FUwPb4mGlUDbx42uspXaZ,Fuel,2ye2Wgw4gimLv2eAKyk1NB,Metallica,269800,0,True,[],,,,,,,,,,,
70BFDZT6dZTsKKvAYmyyYv,Spiders,5eAWCfyUhZtHHtBdNk56l1,System Of A Down,215440,0,False,[],,,,,,,,,,,
4A065x9kJt955eGVqf813g,Them Bones (2022 Remaster),64tNsm6TnZe2zpcMVMOoHL,Alice In Chains,149466,0,False,[],,,,,,,,,,,
15DLl1r2zi07Ssq5RT1yT0,Wait and Bleed,05fG473iIaoy82BF1aGhL8,Slipknot,147840,0,False,[],,,,,,,,,,,
5O8L4I2S4izFGDjvP7xAKv,You Know You're Right,6olE6TJLqED3rqDCT0FyPh,Nirvana,217000,0,False,[],,,,,,,,,,,
51c94ac31swyDQj9B3Lzs3,Change (In the House of Flies),6Ghvu1VvMGScGpOUJBAHNH,Deftones,299533,0,False,[],,,,,,,,,,,
0knbMPVHpFbsx38pLoYSRs,Hysteria,12Chz98pHFMPJEknJQMWvI,Muse,227023,0,False,[],,,,,,,,,,,
1Ic9pKxGSJGM0LKeqf6lGe,All Apologies,6olE6TJLqED3rqDCT0FyPh,Nirvana,233173,0,False,[],,,,,,,,,,,
1lATXTBJDHwawvT1UfxWu3,The Pot,2yEwvVSSSUkcLeSTNyHKh8,TOOL,381946,0,True,[],,,,,,,,,,,
5mR858YsHYG761aUqZoGkD,Symphony Of Destruction - Remastered 2012,1Yox196W7bzVNZI7RBaPnf,Megadeth,241906,0,False,[],,,,,,,,,,,
0O7lENhqOySbsL743G7PqD,"Vermilion, Pt. 2",05fG473iIaoy82BF1aGhL8,Slipknot,224320,0,False,[],,,,,,,,,,,
0wzRcekWyVCSyPtlPOeJau,Go With The Flow,4pejUc4iciQfgdX6OKulQn,Queens of the Stone Age,187146,0,False,[],,,,,,,,,,,
2SHTKB8YYlawTGIuJ2b2ok,About A Girl,6olE6TJLqED3rqDCT0FyPh,Nirvana,168428,0,False,[],,,,,,,,,,,
55mJleti2WfWEFNFcBduhc,Schism,2yEwvVSSSUkcLeSTNyHKh8,TOOL,407860,0,False,[],,,,,,,,,,,
3RgDvs9Jpvn3kUuaTek1R5,I-E-A-I-A-I-O,5eAWCfyUhZtHHtBdNk56l1,System Of A Down,188600,0,True,[],,,,,,,,,,,
5uuXtfqM7Wp3idCxyHeOll,With You,6XyY86QOPPrYVGvF9ch6wz,Linkin Park,203266,0,False,[],,,,,,,,,,,
6xtQ23d8GEXgcxyUKPtwc5,Runaway,6XyY86QOPPrYVGvF9ch6wz,Linkin Park,183973,0,False,[],,,,,,,,,,,
7FRfYOql61DGDp9VPPe2qA,Down In A Hole (2022 Remaster),64tNsm6TnZe2zpcMVMOoHL,Alice In Chains,338226,0,False,[],,,,,,,,,,,
5pKCDm2fw4k6D6C5Rk646C,Tears Don't Fall,7iWiAD5LLKyiox2grgfmUT,Bullet For My Valentine,348386,0,True,[],,,,,,,,,,,
7IoK6jZBxY7NMoQPoPXZCF,Passenger,6Ghvu1VvMGScGpOUJBAHNH,Deftones,368666,0,False,[],,,,,,,,,,,
2vPZ4Lklyu75zBR3SgbFNI,Snuff,05fG473iIaoy82BF1aGhL8,Slipknot,276146,0,False,[],,,,,,,,,,,
05NpeTQWnzXS1d8ZqL4YFZ,Twisted Transistor,3RNrq3jvMZxD9ZyoOZbQOD,Korn,188933,0,True,[],,,,,,,,,,,
2xt2piJx6jlFkjS77YiqpL,Like a Stone,2ziB7fzrXBoh1HUPS6sVFn,Audioslave,293960,0,False,[],,,,,,,,,,,
5hheGdf1cb4rK0FNiedCfK,The Devil in I,05fG473iIaoy82BF1aGhL8,Slipknot,342821,0,False,[],,,,,,,,,,,
5egqKwgK5r5rvGD1LrtR7J,Points of Authority,6XyY86QOPPrYVGvF9ch6wz,Linkin Park,200240,0,False,[],,,,,,,,,,,
5rAxhWcgFng3s570sGO2F8,A Place for My Head,6XyY86QOPPrYVGvF9ch6wz,Linkin Park,184640,0,False,[],,,,,,,,,,,
663Karu2rvKLdnY0eo1n3M,Call Me When You're Sober,5nGIFgo0shDenQYSE0Sn7c,Evanescence,214706,0,False,[],,,,,,,,,,,
5mpUKTdskZea0gStWzeHUZ,Unsainted,05fG473iIaoy82BF1aGhL8,Slipknot,260773,0,True,[],,,,,,,,,,,
37gG4GPeTRPKKdXYx3zTRC,Song For The Dead,4pejUc4iciQfgdX6OKulQn,Queens of the Stone Age,352453,0,True,[],,,,,,,,,,,
7w6PJe5KBPyvuRYxFkPssC,No More Tears,6ZLTlhejhndI4Rh53vYhrY,Ozzy Osbourne,444983,0,False,[],,,,,,,,,,,
0fX9KPa0i9RGDI59gI90i9,Vermilion,05fG473iIaoy82BF1aGhL8,Slipknot,316666,0,False,[],,,,,,,,,,,
4d50VgYqfw1Rd0knRRL3qv,Ride The Lightning - Remastered,2ye2Wgw4gimLv2eAKyk1NB,Metallica,396986,0,False,[],,,,,,,,,,,
0rPTPahzhGx9LSzI8XX5OM,Figure.09,6XyY86QOPPrYVGvF9ch6wz,Linkin Park,197506,0,False,[],,,,,,,,,,,
2vyCXIHhIK4yVh2mrsuEsy,Poisonous Apathy,0w1xNkvjKVskWP7GvbiwRB,Crypta,268920,0,False,[],,,,,,,,,,,
